cnae,id,descricao,divisao,status,anexos,fatorR,motivo,origem
0111-3/01,0111301,Cultivo de arroz,01,OPTANTE,I,NAO,Curadoria tabela 2026,curadoria
0111-3/02,0111302,Cultivo de milho,01,OPTANTE,I,NAO,Agro/pecuária/pesca — Anexo I (ou II se industrializar),regra
0111-3/03,0111303,Cultivo de trigo,01,OPTANTE,I,NAO,Agro/pecuária/pesca — Anexo I (ou II se industrializar),regra
0111-3/99,0111399,Cultivo de outros cereais não especificados anteriormente,01,OPTANTE,I,NAO,Agro/pecuária/pesca — Anexo I (ou II se industrializar),regra
0112-1/01,0112101,Cultivo de algodão herbáceo,01,OPTANTE,I,NAO,Agro/pecuária/pesca — Anexo I (ou II se industrializar),regra
0112-1/02,0112102,Cultivo de juta,01,OPTANTE,I,NAO,Agro/pecuária/pesca — Anexo I (ou II se industrializar),regra
0112-1/99,0112199,Cultivo de outras fibras de lavoura temporária não especificadas anteriormente,01,OPTANTE,I,NAO,Agro/pecuária/pesca — Anexo I (ou II se industrializar),regra
0113-0/00,0113000,Cultivo de cana-de-açúcar,01,OPTANTE,I,NAO,Agro/pecuária/pesca — Anexo I (ou II se industrializar),regra
0114-8/00,0114800,Cultivo de fumo,01,OPTANTE,I,NAO,Agro/pecuária/pesca — Anexo I (ou II se industrializar),regra
0115-6/00,0115600,Cultivo de soja,01,OPTANTE,I,NAO,Agro/pecuária/pesca — Anexo I (ou II se industrializar),regra
0116-4/01,0116401,Cultivo de amendoim,01,OPTANTE,I,NAO,Agro/pecuária/pesca — Anexo I (ou II se industrializar),regra
0116-4/02,0116402,Cultivo de girassol,01,OPTANTE,I,NAO,Agro/pecuária/pesca — Anexo I (ou II se industrializar),regra
0116-4/03,0116403,Cultivo de mamona,01,OPTANTE,I,NAO,Agro/pecuária/pesca — Anexo I (ou II se industrializar),regra
0116-4/99,0116499,Cultivo de outras oleaginosas de lavoura temporária não especificadas anteriormente,01,OPTANTE,I,NAO,Agro/pecuária/pesca — Anexo I (ou II se industrializar),regra
0119-9/01,0119901,Cultivo de abacaxi,01,OPTANTE,I,NAO,Agro/pecuária/pesca — Anexo I (ou II se industrializar),regra
0119-9/02,0119902,Cultivo de alho,01,OPTANTE,I,NAO,Agro/pecuária/pesca — Anexo I (ou II se industrializar),regra
0119-9/03,0119903,Cultivo de batata-inglesa,01,OPTANTE,I,NAO,Agro/pecuária/pesca — Anexo I (ou II se industrializar),regra
0119-9/04,0119904,Cultivo de cebola,01,OPTANTE,I,NAO,Agro/pecuária/pesca — Anexo I (ou II se industrializar),regra
0119-9/05,0119905,Cultivo de feijão,01,OPTANTE,I,NAO,Agro/pecuária/pesca — Anexo I (ou II se industrializar),regra
0119-9/06,0119906,Cultivo de mandioca,01,OPTANTE,I,NAO,Agro/pecuária/pesca — Anexo I (ou II se industrializar),regra
0119-9/07,0119907,Cultivo de melão,01,OPTANTE,I,NAO,Agro/pecuária/pesca — Anexo I (ou II se industrializar),regra
0119-9/08,0119908,Cultivo de melancia,01,OPTANTE,I,NAO,Agro/pecuária/pesca — Anexo I (ou II se industrializar),regra
0119-9/09,0119909,Cultivo de tomate rasteiro,01,OPTANTE,I,NAO,Agro/pecuária/pesca — Anexo I (ou II se industrializar),regra
0119-9/99,0119999,Cultivo de outras plantas de lavoura temporária não especificadas anteriormente,01,OPTANTE,I,NAO,Agro/pecuária/pesca — Anexo I (ou II se industrializar),regra
0121-1/01,0121101,"Horticultura, exceto morango",01,OPTANTE,I,NAO,Agro/pecuária/pesca — Anexo I (ou II se industrializar),regra
0121-1/02,0121102,Cultivo de morango,01,OPTANTE,I,NAO,Agro/pecuária/pesca — Anexo I (ou II se industrializar),regra
0122-9/00,0122900,Cultivo de flores e plantas ornamentais,01,OPTANTE,I,NAO,Agro/pecuária/pesca — Anexo I (ou II se industrializar),regra
0131-8/00,0131800,Cultivo de laranja,01,OPTANTE,I,NAO,Agro/pecuária/pesca — Anexo I (ou II se industrializar),regra
0132-6/00,0132600,Cultivo de uva,01,OPTANTE,I,NAO,Agro/pecuária/pesca — Anexo I (ou II se industrializar),regra
0133-4/01,0133401,Cultivo de açaí,01,OPTANTE,I,NAO,Agro/pecuária/pesca — Anexo I (ou II se industrializar),regra
0133-4/02,0133402,Cultivo de banana,01,OPTANTE,I,NAO,Agro/pecuária/pesca — Anexo I (ou II se industrializar),regra
0133-4/03,0133403,Cultivo de caju,01,OPTANTE,I,NAO,Agro/pecuária/pesca — Anexo I (ou II se industrializar),regra
0133-4/04,0133404,"Cultivo de cítricos, exceto laranja",01,OPTANTE,I,NAO,Agro/pecuária/pesca — Anexo I (ou II se industrializar),regra
0133-4/05,0133405,Cultivo de coco-da-baía,01,OPTANTE,I,NAO,Agro/pecuária/pesca — Anexo I (ou II se industrializar),regra
0133-4/06,0133406,Cultivo de guaraná,01,OPTANTE,I,NAO,Agro/pecuária/pesca — Anexo I (ou II se industrializar),regra
0133-4/07,0133407,Cultivo de maçã,01,OPTANTE,I,NAO,Agro/pecuária/pesca — Anexo I (ou II se industrializar),regra
0133-4/08,0133408,Cultivo de mamão,01,OPTANTE,I,NAO,Agro/pecuária/pesca — Anexo I (ou II se industrializar),regra
0133-4/09,0133409,Cultivo de maracujá,01,OPTANTE,I,NAO,Agro/pecuária/pesca — Anexo I (ou II se industrializar),regra
0133-4/10,0133410,Cultivo de manga,01,OPTANTE,I,NAO,Agro/pecuária/pesca — Anexo I (ou II se industrializar),regra
0133-4/11,0133411,Cultivo de pêssego,01,OPTANTE,I,NAO,Agro/pecuária/pesca — Anexo I (ou II se industrializar),regra
0133-4/99,0133499,Cultivo de frutas de lavoura permanente não especificadas anteriormente,01,OPTANTE,I,NAO,Agro/pecuária/pesca — Anexo I (ou II se industrializar),regra
0134-2/00,0134200,Cultivo de café,01,OPTANTE,I,NAO,Agro/pecuária/pesca — Anexo I (ou II se industrializar),regra
0135-1/00,0135100,Cultivo de cacau,01,OPTANTE,I,NAO,Agro/pecuária/pesca — Anexo I (ou II se industrializar),regra
0139-3/01,0139301,Cultivo de chá-da-índia,01,OPTANTE,I,NAO,Agro/pecuária/pesca — Anexo I (ou II se industrializar),regra
0139-3/02,0139302,Cultivo de erva-mate,01,OPTANTE,I,NAO,Agro/pecuária/pesca — Anexo I (ou II se industrializar),regra
0139-3/03,0139303,Cultivo de pimenta-do-reino,01,OPTANTE,I,NAO,Agro/pecuária/pesca — Anexo I (ou II se industrializar),regra
0139-3/04,0139304,"Cultivo de plantas para condimento, exceto pimenta-do-reino",01,OPTANTE,I,NAO,Agro/pecuária/pesca — Anexo I (ou II se industrializar),regra
0139-3/05,0139305,Cultivo de dendê,01,OPTANTE,I,NAO,Agro/pecuária/pesca — Anexo I (ou II se industrializar),regra
0139-3/06,0139306,Cultivo de seringueira,01,OPTANTE,I,NAO,Agro/pecuária/pesca — Anexo I (ou II se industrializar),regra
0139-3/99,0139399,Cultivo de outras plantas de lavoura permanente não especificadas anteriormente,01,OPTANTE,I,NAO,Agro/pecuária/pesca — Anexo I (ou II se industrializar),regra
0141-5/01,0141501,"Produção de sementes certificadas, exceto de forrageiras para pasto",01,OPTANTE,I,NAO,Agro/pecuária/pesca — Anexo I (ou II se industrializar),regra
0141-5/02,0141502,Produção de sementes certificadas de forrageiras para formação de pasto,01,OPTANTE,I,NAO,Agro/pecuária/pesca — Anexo I (ou II se industrializar),regra
0142-3/00,0142300,"Produção de mudas e outras formas de propagação vegetal, certificadas",01,OPTANTE,I,NAO,Agro/pecuária/pesca — Anexo I (ou II se industrializar),regra
0151-2/01,0151201,Criação de bovinos para corte,01,OPTANTE,I,NAO,Agro/pecuária/pesca — Anexo I (ou II se industrializar),regra
0151-2/02,0151202,Criação de bovinos para leite,01,OPTANTE,I,NAO,Agro/pecuária/pesca — Anexo I (ou II se industrializar),regra
0151-2/03,0151203,"Criação de bovinos, exceto para corte e leite",01,OPTANTE,I,NAO,Agro/pecuária/pesca — Anexo I (ou II se industrializar),regra
0152-1/01,0152101,Criação de bufalinos,01,OPTANTE,I,NAO,Agro/pecuária/pesca — Anexo I (ou II se industrializar),regra
0152-1/02,0152102,Criação de equinos,01,OPTANTE,I,NAO,Agro/pecuária/pesca — Anexo I (ou II se industrializar),regra
0152-1/03,0152103,Criação de asininos e muares,01,OPTANTE,I,NAO,Agro/pecuária/pesca — Anexo I (ou II se industrializar),regra
0153-9/01,0153901,Criação de caprinos,01,OPTANTE,I,NAO,Agro/pecuária/pesca — Anexo I (ou II se industrializar),regra
0153-9/02,0153902,"Criação de ovinos, inclusive para produção de lã",01,OPTANTE,I,NAO,Agro/pecuária/pesca — Anexo I (ou II se industrializar),regra
0154-7/00,0154700,Criação de suínos,01,OPTANTE,I,NAO,Agro/pecuária/pesca — Anexo I (ou II se industrializar),regra
0155-5/01,0155501,Criação de frangos para corte,01,OPTANTE,I,NAO,Agro/pecuária/pesca — Anexo I (ou II se industrializar),regra
0155-5/02,0155502,Produção de pintos de um dia,01,OPTANTE,I,NAO,Agro/pecuária/pesca — Anexo I (ou II se industrializar),regra
0155-5/03,0155503,"Criação de outros galináceos, exceto para corte",01,OPTANTE,I,NAO,Agro/pecuária/pesca — Anexo I (ou II se industrializar),regra
0155-5/04,0155504,"Criação de aves, exceto galináceos",01,OPTANTE,I,NAO,Agro/pecuária/pesca — Anexo I (ou II se industrializar),regra
0155-5/05,0155505,Produção de ovos,01,OPTANTE,I,NAO,Agro/pecuária/pesca — Anexo I (ou II se industrializar),regra
0159-8/01,0159801,Apicultura,01,OPTANTE,I,NAO,Agro/pecuária/pesca — Anexo I (ou II se industrializar),regra
0159-8/02,0159802,Criação de animais de estimação,01,OPTANTE,I,NAO,Agro/pecuária/pesca — Anexo I (ou II se industrializar),regra
0159-8/03,0159803,Criação de escargô,01,OPTANTE,I,NAO,Agro/pecuária/pesca — Anexo I (ou II se industrializar),regra
0159-8/04,0159804,Criação de bicho-da-seda,01,OPTANTE,I,NAO,Agro/pecuária/pesca — Anexo I (ou II se industrializar),regra
0159-8/99,0159899,Criação de outros animais não especificados anteriormente,01,OPTANTE,I,NAO,Agro/pecuária/pesca — Anexo I (ou II se industrializar),regra
0161-0/01,0161001,Serviço de pulverização e controle de pragas agrícolas,01,OPTANTE,I,NAO,Agro/pecuária/pesca — Anexo I (ou II se industrializar),regra
0161-0/02,0161002,Serviço de poda de árvores para lavouras,01,OPTANTE,I,NAO,Agro/pecuária/pesca — Anexo I (ou II se industrializar),regra
0161-0/03,0161003,"Serviço de preparação de terreno, cultivo e colheita",01,OPTANTE,I,NAO,Agro/pecuária/pesca — Anexo I (ou II se industrializar),regra
0161-0/99,0161099,Atividades de apoio à agricultura não especificadas anteriormente,01,OPTANTE,I,NAO,Agro/pecuária/pesca — Anexo I (ou II se industrializar),regra
0162-8/01,0162801,Serviço de inseminação artificial em animais,01,OPTANTE,I,NAO,Agro/pecuária/pesca — Anexo I (ou II se industrializar),regra
0162-8/02,0162802,Serviço de tosquiamento de ovinos,01,OPTANTE,I,NAO,Agro/pecuária/pesca — Anexo I (ou II se industrializar),regra
0162-8/03,0162803,Serviço de manejo de animais,01,OPTANTE,I,NAO,Agro/pecuária/pesca — Anexo I (ou II se industrializar),regra
0162-8/99,0162899,Atividades de apoio à pecuária não especificadas anteriormente,01,OPTANTE,I,NAO,Agro/pecuária/pesca — Anexo I (ou II se industrializar),regra
0163-6/00,0163600,Atividades de pós-colheita,01,OPTANTE,I,NAO,Agro/pecuária/pesca — Anexo I (ou II se industrializar),regra
0170-9/00,0170900,Caça e serviços relacionados,01,OPTANTE,I,NAO,Agro/pecuária/pesca — Anexo I (ou II se industrializar),regra
0210-1/01,0210101,Cultivo de eucalipto,02,OPTANTE,I,NAO,Agro/pecuária/pesca — Anexo I (ou II se industrializar),regra
0210-1/02,0210102,Cultivo de acácia-negra,02,OPTANTE,I,NAO,Agro/pecuária/pesca — Anexo I (ou II se industrializar),regra
0210-1/03,0210103,Cultivo de pinus,02,OPTANTE,I,NAO,Agro/pecuária/pesca — Anexo I (ou II se industrializar),regra
0210-1/04,0210104,Cultivo de teca,02,OPTANTE,I,NAO,Agro/pecuária/pesca — Anexo I (ou II se industrializar),regra
0210-1/05,0210105,"Cultivo de espécies madeireiras, exceto eucalipto, acácia-negra, pinus e teca",02,OPTANTE,I,NAO,Agro/pecuária/pesca — Anexo I (ou II se industrializar),regra
0210-1/06,0210106,Cultivo de mudas em viveiros florestais,02,OPTANTE,I,NAO,Agro/pecuária/pesca — Anexo I (ou II se industrializar),regra
0210-1/07,0210107,Extração de madeira em florestas plantadas,02,OPTANTE,I,NAO,Agro/pecuária/pesca — Anexo I (ou II se industrializar),regra
0210-1/08,0210108,Produção de carvão vegetal - florestas plantadas,02,OPTANTE,I,NAO,Agro/pecuária/pesca — Anexo I (ou II se industrializar),regra
0210-1/09,0210109,Produção de casca de acácia-negra - florestas plantadas,02,OPTANTE,I,NAO,Agro/pecuária/pesca — Anexo I (ou II se industrializar),regra
0210-1/99,0210199,Produção de produtos não madeireiros não especificados anteriormente em florestas plantadas,02,OPTANTE,I,NAO,Agro/pecuária/pesca — Anexo I (ou II se industrializar),regra
0220-9/01,0220901,Extração de madeira em florestas nativas,02,OPTANTE,I,NAO,Agro/pecuária/pesca — Anexo I (ou II se industrializar),regra
0220-9/02,0220902,Produção de carvão vegetal - florestas nativas,02,OPTANTE,I,NAO,Agro/pecuária/pesca — Anexo I (ou II se industrializar),regra
0220-9/03,0220903,Coleta de castanha-do-pará em florestas nativas,02,OPTANTE,I,NAO,Agro/pecuária/pesca — Anexo I (ou II se industrializar),regra
0220-9/04,0220904,Coleta de látex em florestas nativas,02,OPTANTE,I,NAO,Agro/pecuária/pesca — Anexo I (ou II se industrializar),regra
0220-9/05,0220905,Coleta de palmito em florestas nativas,02,OPTANTE,I,NAO,Agro/pecuária/pesca — Anexo I (ou II se industrializar),regra
0220-9/06,0220906,Conservação de florestas nativas,02,OPTANTE,I,NAO,Agro/pecuária/pesca — Anexo I (ou II se industrializar),regra
0220-9/99,0220999,Coleta de produtos não madeireiros não especificados anteriormente em florestas nativas,02,OPTANTE,I,NAO,Agro/pecuária/pesca — Anexo I (ou II se industrializar),regra
0230-6/00,0230600,Atividades de apoio à produção florestal,02,OPTANTE,I,NAO,Agro/pecuária/pesca — Anexo I (ou II se industrializar),regra
0311-6/01,0311601,Pesca de peixes em água salgada,03,OPTANTE,I,NAO,Agro/pecuária/pesca — Anexo I (ou II se industrializar),regra
0311-6/02,0311602,Pesca de crustáceos e moluscos em água salgada,03,OPTANTE,I,NAO,Agro/pecuária/pesca — Anexo I (ou II se industrializar),regra
0311-6/03,0311603,Coleta de outros produtos marinhos,03,OPTANTE,I,NAO,Agro/pecuária/pesca — Anexo I (ou II se industrializar),regra
0311-6/04,0311604,Atividades de apoio à pesca em água salgada,03,OPTANTE,I,NAO,Agro/pecuária/pesca — Anexo I (ou II se industrializar),regra
0312-4/01,0312401,Pesca de peixes em água doce,03,OPTANTE,I,NAO,Agro/pecuária/pesca — Anexo I (ou II se industrializar),regra
0312-4/02,0312402,Pesca de crustáceos e moluscos em água doce,03,OPTANTE,I,NAO,Agro/pecuária/pesca — Anexo I (ou II se industrializar),regra
0312-4/03,0312403,Coleta de outros produtos aquáticos de água doce,03,OPTANTE,I,NAO,Agro/pecuária/pesca — Anexo I (ou II se industrializar),regra
0312-4/04,0312404,Atividades de apoio à pesca em água doce,03,OPTANTE,I,NAO,Agro/pecuária/pesca — Anexo I (ou II se industrializar),regra
0321-3/01,0321301,Criação de peixes em água salgada e salobra,03,OPTANTE,I,NAO,Agro/pecuária/pesca — Anexo I (ou II se industrializar),regra
0321-3/02,0321302,Criação de camarões em água salgada e salobra,03,OPTANTE,I,NAO,Agro/pecuária/pesca — Anexo I (ou II se industrializar),regra
0321-3/03,0321303,Criação de ostras e mexilhões em água salgada e salobra,03,OPTANTE,I,NAO,Agro/pecuária/pesca — Anexo I (ou II se industrializar),regra
0321-3/04,0321304,Criação de peixes ornamentais em água salgada e salobra,03,OPTANTE,I,NAO,Agro/pecuária/pesca — Anexo I (ou II se industrializar),regra
0321-3/05,0321305,Atividades de apoio à aquicultura em água salgada e salobra,03,OPTANTE,I,NAO,Agro/pecuária/pesca — Anexo I (ou II se industrializar),regra
0321-3/99,0321399,Cultivos e semicultivos da aquicultura em água salgada e salobra não especificados anteriormente,03,OPTANTE,I,NAO,Agro/pecuária/pesca — Anexo I (ou II se industrializar),regra
0322-1/01,0322101,Criação de peixes em água doce,03,OPTANTE,I,NAO,Agro/pecuária/pesca — Anexo I (ou II se industrializar),regra
0322-1/02,0322102,Criação de camarões em água doce,03,OPTANTE,I,NAO,Agro/pecuária/pesca — Anexo I (ou II se industrializar),regra
0322-1/03,0322103,Criação de ostras e mexilhões em água doce,03,OPTANTE,I,NAO,Agro/pecuária/pesca — Anexo I (ou II se industrializar),regra
0322-1/04,0322104,Criação de peixes ornamentais em água doce,03,OPTANTE,I,NAO,Agro/pecuária/pesca — Anexo I (ou II se industrializar),regra
0322-1/05,0322105,Ranicultura,03,OPTANTE,I,NAO,Agro/pecuária/pesca — Anexo I (ou II se industrializar),regra
0322-1/06,0322106,Criação de jacaré,03,OPTANTE,I,NAO,Agro/pecuária/pesca — Anexo I (ou II se industrializar),regra
0322-1/07,0322107,Atividades de apoio à aquicultura em água doce,03,OPTANTE,I,NAO,Agro/pecuária/pesca — Anexo I (ou II se industrializar),regra
0322-1/99,0322199,Cultivos e semicultivos da aquicultura em água doce não especificados anteriormente,03,OPTANTE,I,NAO,Agro/pecuária/pesca — Anexo I (ou II se industrializar),regra
0500-3/01,0500301,Extração de carvão mineral,05,OPTANTE,II,NAO,Indústria — Anexo II,regra
0500-3/02,0500302,Beneficiamento de carvão mineral,05,OPTANTE,II,NAO,Indústria — Anexo II,regra
0600-0/01,0600001,Extração de petróleo e gás natural,06,OPTANTE,II,NAO,Indústria — Anexo II,regra
0600-0/02,0600002,Extração e beneficiamento de xisto,06,OPTANTE,II,NAO,Indústria — Anexo II,regra
0600-0/03,0600003,Extração e beneficiamento de areias betuminosas,06,OPTANTE,II,NAO,Indústria — Anexo II,regra
0710-3/01,0710301,Extração de minério de ferro,07,OPTANTE,II,NAO,Indústria — Anexo II,regra
0710-3/02,0710302,"Pelotização, sinterização e outros beneficiamentos de minério de ferro",07,OPTANTE,II,NAO,Indústria — Anexo II,regra
0721-9/01,0721901,Extração de minério de alumínio,07,OPTANTE,II,NAO,Indústria — Anexo II,regra
0721-9/02,0721902,Beneficiamento de minério de alumínio,07,OPTANTE,II,NAO,Indústria — Anexo II,regra
0722-7/01,0722701,Extração de minério de estanho,07,OPTANTE,II,NAO,Indústria — Anexo II,regra
0722-7/02,0722702,Beneficiamento de minério de estanho,07,OPTANTE,II,NAO,Indústria — Anexo II,regra
0723-5/01,0723501,Extração de minério de manganês,07,OPTANTE,II,NAO,Indústria — Anexo II,regra
0723-5/02,0723502,Beneficiamento de minério de manganês,07,OPTANTE,II,NAO,Indústria — Anexo II,regra
0724-3/01,0724301,Extração de minério de metais preciosos,07,OPTANTE,II,NAO,Indústria — Anexo II,regra
0724-3/02,0724302,Beneficiamento de minério de metais preciosos,07,OPTANTE,II,NAO,Indústria — Anexo II,regra
0725-1/00,0725100,Extração de minerais radioativos,07,OPTANTE,II,NAO,Indústria — Anexo II,regra
0729-4/01,0729401,Extração de minérios de nióbio e titânio,07,OPTANTE,II,NAO,Indústria — Anexo II,regra
0729-4/02,0729402,Extração de minério de tungstênio,07,OPTANTE,II,NAO,Indústria — Anexo II,regra
0729-4/03,0729403,Extração de minério de níquel,07,OPTANTE,II,NAO,Indústria — Anexo II,regra
0729-4/04,0729404,"Extração de minérios de cobre, chumbo, zinco e outros minerais metálicos não ferrosos não especificados anteriormente",07,OPTANTE,II,NAO,Indústria — Anexo II,regra
0729-4/05,0729405,"Beneficiamento de minérios de cobre, chumbo, zinco e outros minerais metálicos não ferrosos não especificados anteriormente",07,OPTANTE,II,NAO,Indústria — Anexo II,regra
0810-0/01,0810001,Extração de ardósia e beneficiamento associado,08,OPTANTE,II,NAO,Indústria — Anexo II,regra
0810-0/02,0810002,Extração de granito e beneficiamento associado,08,OPTANTE,II,NAO,Indústria — Anexo II,regra
0810-0/03,0810003,Extração de mármore e beneficiamento associado,08,OPTANTE,II,NAO,Indústria — Anexo II,regra
0810-0/04,0810004,Extração de calcário e dolomita e beneficiamento associado,08,OPTANTE,II,NAO,Indústria — Anexo II,regra
0810-0/05,0810005,Extração de gesso e caulim,08,OPTANTE,II,NAO,Indústria — Anexo II,regra
0810-0/06,0810006,"Extração de areia, cascalho ou pedregulho e beneficiamento associado",08,OPTANTE,II,NAO,Indústria — Anexo II,regra
0810-0/07,0810007,Extração de argila e beneficiamento associado,08,OPTANTE,II,NAO,Indústria — Anexo II,regra
0810-0/08,0810008,Extração de saibro e beneficiamento associado,08,OPTANTE,II,NAO,Indústria — Anexo II,regra
0810-0/09,0810009,Extração de basalto e beneficiamento associado,08,OPTANTE,II,NAO,Indústria — Anexo II,regra
0810-0/10,0810010,Beneficiamento de gesso e caulim associado à extração,08,OPTANTE,II,NAO,Indústria — Anexo II,regra
0810-0/99,0810099,Extração e britamento de pedras e outros materiais para construção e beneficiamento associado,08,OPTANTE,II,NAO,Indústria — Anexo II,regra
0891-6/00,0891600,"Extração de minerais para fabricação de adubos, fertilizantes e outros produtos químicos",08,OPTANTE,II,NAO,Indústria — Anexo II,regra
0892-4/01,0892401,Extração de sal marinho,08,OPTANTE,II,NAO,Indústria — Anexo II,regra
0892-4/02,0892402,Extração de sal-gema,08,OPTANTE,II,NAO,Indústria — Anexo II,regra
0892-4/03,0892403,Refino e outros tratamentos do sal,08,OPTANTE,II,NAO,Indústria — Anexo II,regra
0893-2/00,0893200,Extração de gemas (pedras preciosas e semipreciosas),08,OPTANTE,II,NAO,Indústria — Anexo II,regra
0899-1/01,0899101,Extração de grafita,08,OPTANTE,II,NAO,Indústria — Anexo II,regra
0899-1/02,0899102,Extração de quartzo,08,OPTANTE,II,NAO,Indústria — Anexo II,regra
0899-1/03,0899103,Extração de amianto,08,OPTANTE,II,NAO,Indústria — Anexo II,regra
0899-1/99,0899199,Extração de outros minerais não metálicos não especificados anteriormente,08,OPTANTE,II,NAO,Indústria — Anexo II,regra
0910-6/00,0910600,Atividades de apoio à extração de petróleo e gás natural,09,OPTANTE,II,NAO,Indústria — Anexo II,regra
0990-4/01,0990401,Atividades de apoio à extração de minério de ferro,09,OPTANTE,II,NAO,Indústria — Anexo II,regra
0990-4/02,0990402,Atividades de apoio à extração de minerais metálicos não ferrosos,09,OPTANTE,II,NAO,Indústria — Anexo II,regra
0990-4/03,0990403,Atividades de apoio à extração de minerais não metálicos,09,OPTANTE,II,NAO,Indústria — Anexo II,regra
1011-2/01,1011201,Frigorífico - abate de bovinos,10,OPTANTE,II,NAO,Indústria — Anexo II,regra
1011-2/02,1011202,Frigorífico - abate de equinos,10,OPTANTE,II,NAO,Indústria — Anexo II,regra
1011-2/03,1011203,Frigorífico - abate de ovinos e caprinos,10,OPTANTE,II,NAO,Indústria — Anexo II,regra
1011-2/04,1011204,Frigorífico - abate de bufalinos,10,OPTANTE,II,NAO,Indústria — Anexo II,regra
1011-2/05,1011205,"Matadouro - abate de reses sob contrato, exceto abate de suínos",10,OPTANTE,II,NAO,Indústria — Anexo II,regra
1012-1/01,1012101,Abate de aves,10,OPTANTE,II,NAO,Indústria — Anexo II,regra
1012-1/02,1012102,Abate de pequenos animais,10,OPTANTE,II,NAO,Indústria — Anexo II,regra
1012-1/03,1012103,Frigorífico - abate de suínos,10,OPTANTE,II,NAO,Indústria — Anexo II,regra
1012-1/04,1012104,Matadouro - abate de suínos sob contrato,10,OPTANTE,II,NAO,Indústria — Anexo II,regra
1013-9/01,1013901,Fabricação de produtos de carne,10,OPTANTE,II,NAO,Indústria — Anexo II,regra
1013-9/02,1013902,Preparação de subprodutos do abate,10,OPTANTE,II,NAO,Indústria — Anexo II,regra
1020-1/01,1020101,"Preservação de peixes, crustáceos e moluscos",10,OPTANTE,II,NAO,Indústria — Anexo II,regra
1020-1/02,1020102,"Fabricação de conservas de peixes, crustáceos e moluscos",10,OPTANTE,II,NAO,Indústria — Anexo II,regra
1031-7/00,1031700,Fabricação de conservas de frutas,10,OPTANTE,II,NAO,Indústria — Anexo II,regra
1032-5/01,1032501,Fabricação de conservas de palmito,10,OPTANTE,II,NAO,Indústria — Anexo II,regra
1032-5/99,1032599,"Fabricação de conservas de legumes e outros vegetais, exceto palmito",10,OPTANTE,II,NAO,Indústria — Anexo II,regra
1033-3/01,1033301,"Fabricação de sucos concentrados de frutas, hortaliças e legumes",10,OPTANTE,II,NAO,Indústria — Anexo II,regra
1033-3/02,1033302,"Fabricação de sucos de frutas, hortaliças e legumes, exceto concentrados",10,OPTANTE,II,NAO,Indústria — Anexo II,regra
1041-4/00,1041400,"Fabricação de óleos vegetais em bruto, exceto óleo de milho",10,OPTANTE,II,NAO,Indústria — Anexo II,regra
1042-2/00,1042200,"Fabricação de óleos vegetais refinados, exceto óleo de milho",10,OPTANTE,II,NAO,Indústria — Anexo II,regra
1043-1/00,1043100,Fabricação de margarina e outras gorduras vegetais e de óleos não comestíveis de animais,10,OPTANTE,II,NAO,Indústria — Anexo II,regra
1051-1/00,1051100,Preparação do leite,10,OPTANTE,II,NAO,Indústria — Anexo II,regra
1052-0/00,1052000,Fabricação de laticínios,10,OPTANTE,II,NAO,Indústria — Anexo II,regra
1053-8/00,1053800,Fabricação de sorvetes e outros gelados comestíveis,10,OPTANTE,II,NAO,Indústria — Anexo II,regra
1061-9/01,1061901,Beneficiamento de arroz,10,OPTANTE,II,NAO,Indústria — Anexo II,regra
1061-9/02,1061902,Fabricação de produtos do arroz,10,OPTANTE,II,NAO,Indústria — Anexo II,regra
1062-7/00,1062700,Moagem de trigo e fabricação de derivados,10,OPTANTE,II,NAO,Indústria — Anexo II,regra
1063-5/00,1063500,Fabricação de farinha de mandioca e derivados,10,OPTANTE,II,NAO,Indústria — Anexo II,regra
1064-3/00,1064300,"Fabricação de farinha de milho e derivados, exceto óleos de milho",10,OPTANTE,II,NAO,Indústria — Anexo II,regra
1065-1/01,1065101,Fabricação de amidos e féculas de vegetais,10,OPTANTE,II,NAO,Indústria — Anexo II,regra
1065-1/02,1065102,Fabricação de óleo de milho em bruto,10,OPTANTE,II,NAO,Indústria — Anexo II,regra
1065-1/03,1065103,Fabricação de óleo de milho refinado,10,OPTANTE,II,NAO,Indústria — Anexo II,regra
1066-0/00,1066000,Fabricação de alimentos para animais,10,OPTANTE,II,NAO,Indústria — Anexo II,regra
1069-4/00,1069400,Moagem e fabricação de produtos de origem vegetal não especificados anteriormente,10,OPTANTE,II,NAO,Indústria — Anexo II,regra
1071-6/00,1071600,Fabricação de açúcar em bruto,10,OPTANTE,II,NAO,Indústria — Anexo II,regra
1072-4/01,1072401,Fabricação de açúcar de cana refinado,10,OPTANTE,II,NAO,Indústria — Anexo II,regra
1072-4/02,1072402,Fabricação de açúcar de cereais (dextrose) e de beterraba,10,OPTANTE,II,NAO,Indústria — Anexo II,regra
1081-3/01,1081301,Beneficiamento de café,10,OPTANTE,II,NAO,Indústria — Anexo II,regra
1081-3/02,1081302,Torrefação e moagem de café,10,OPTANTE,II,NAO,Indústria — Anexo II,regra
1082-1/00,1082100,Fabricação de produtos à base de café,10,OPTANTE,II,NAO,Indústria — Anexo II,regra
1091-1/01,1091101,Fabricação de produtos de panificação industrial,10,OPTANTE,II,NAO,Indústria — Anexo II,regra
1091-1/02,1091102,Fabricação de produtos de padaria e confeitaria com predominância de produção própria,10,OPTANTE,II,NAO,Indústria — Anexo II,regra
1092-9/00,1092900,Fabricação de biscoitos e bolachas,10,OPTANTE,II,NAO,Indústria — Anexo II,regra
1093-7/01,1093701,Fabricação de produtos derivados do cacau e de chocolates,10,OPTANTE,II,NAO,Indústria — Anexo II,regra
1093-7/02,1093702,"Fabricação de frutas cristalizadas, balas e semelhantes",10,OPTANTE,II,NAO,Indústria — Anexo II,regra
1094-5/00,1094500,Fabricação de massas alimentícias,10,OPTANTE,II,NAO,Indústria — Anexo II,regra
1095-3/00,1095300,"Fabricação de especiarias, molhos, temperos e condimentos",10,OPTANTE,II,NAO,Indústria — Anexo II,regra
1096-1/00,1096100,Fabricação de alimentos e pratos prontos,10,OPTANTE,II,NAO,Indústria — Anexo II,regra
1099-6/01,1099601,Fabricação de vinagres,10,OPTANTE,II,NAO,Indústria — Anexo II,regra
1099-6/02,1099602,Fabricação de pós-alimentícios,10,OPTANTE,II,NAO,Indústria — Anexo II,regra
1099-6/03,1099603,Fabricação de fermentos e leveduras,10,OPTANTE,II,NAO,Indústria — Anexo II,regra
1099-6/04,1099604,Fabricação de gelo comum,10,OPTANTE,II,NAO,Indústria — Anexo II,regra
1099-6/05,1099605,"Fabricação de produtos para infusão (chá, mate, etc.)",10,OPTANTE,II,NAO,Indústria — Anexo II,regra
1099-6/06,1099606,Fabricação de adoçantes naturais e artificiais,10,OPTANTE,II,NAO,Indústria — Anexo II,regra
1099-6/07,1099607,Fabricação de alimentos dietéticos e complementos alimentares,10,OPTANTE,II,NAO,Indústria — Anexo II,regra
1099-6/99,1099699,Fabricação de outros produtos alimentícios não especificados anteriormente,10,OPTANTE,II,NAO,Indústria — Anexo II,regra
1111-9/01,1111901,Fabricação de aguardente de cana-de-açúcar,11,VEDADO,,NAO,Industrial com vedação potencial (armas/explosivos/fumo/bebidas em escala) — validar,regra
1111-9/02,1111902,Fabricação de outras aguardentes e bebidas destiladas,11,VEDADO,,NAO,Industrial com vedação potencial (armas/explosivos/fumo/bebidas em escala) — validar,regra
1112-7/00,1112700,Fabricação de vinho,11,OPTANTE,II,NAO,Indústria — Anexo II,regra
1113-5/01,1113501,"Fabricação de malte, inclusive malte uísque",11,VEDADO,,NAO,Industrial com vedação potencial (armas/explosivos/fumo/bebidas em escala) — validar,regra
1113-5/02,1113502,Fabricação de cervejas e chopes,11,VEDADO,,NAO,Industrial com vedação potencial (armas/explosivos/fumo/bebidas em escala) — validar,regra
1121-6/00,1121600,Fabricação de águas envasadas,11,OPTANTE,II,NAO,Indústria — Anexo II,regra
1122-4/01,1122401,Fabricação de refrigerantes,11,OPTANTE,II,NAO,Indústria — Anexo II,regra
1122-4/02,1122402,Fabricação de chá mate e outros chás prontos para consumo,11,OPTANTE,II,NAO,Indústria — Anexo II,regra
1122-4/03,1122403,"Fabricação de refrescos, xaropes e pós para refrescos, exceto refrescos de frutas",11,OPTANTE,II,NAO,Indústria — Anexo II,regra
1122-4/04,1122404,Fabricação de bebidas isotônicas,11,OPTANTE,II,NAO,Indústria — Anexo II,regra
1122-4/99,1122499,Fabricação de outras bebidas não alcoólicas não especificadas anteriormente,11,OPTANTE,II,NAO,Indústria — Anexo II,regra
1210-7/00,1210700,Processamento industrial do fumo,12,OPTANTE,II,NAO,Indústria — Anexo II,regra
1220-4/01,1220401,Fabricação de cigarros,12,VEDADO,,NAO,Curadoria: vedação art.17,curadoria
1220-4/02,1220402,Fabricação de cigarrilhas e charutos,12,VEDADO,,NAO,Prefixo com vedação típica art.17 (financeiro/adm.pública/associativo/fumo/explosivos/rádio/TV),regra
1220-4/03,1220403,Fabricação de filtros para cigarros,12,VEDADO,,NAO,Prefixo com vedação típica art.17 (financeiro/adm.pública/associativo/fumo/explosivos/rádio/TV),regra
1220-4/99,1220499,"Fabricação de outros produtos do fumo, exceto cigarros, cigarrilhas e charutos",12,VEDADO,,NAO,Prefixo com vedação típica art.17 (financeiro/adm.pública/associativo/fumo/explosivos/rádio/TV),regra
1311-1/00,1311100,Preparação e fiação de fibras de algodão,13,OPTANTE,II,NAO,Indústria — Anexo II,regra
1312-0/00,1312000,"Preparação e fiação de fibras têxteis naturais, exceto algodão",13,OPTANTE,II,NAO,Indústria — Anexo II,regra
1313-8/00,1313800,Fiação de fibras artificiais e sintéticas,13,OPTANTE,II,NAO,Indústria — Anexo II,regra
1314-6/00,1314600,Fabricação de linhas para costurar e bordar,13,OPTANTE,II,NAO,Indústria — Anexo II,regra
1321-9/00,1321900,Tecelagem de fios de algodão,13,OPTANTE,II,NAO,Indústria — Anexo II,regra
1322-7/00,1322700,"Tecelagem de fios de fibras têxteis naturais, exceto algodão",13,OPTANTE,II,NAO,Indústria — Anexo II,regra
1323-5/00,1323500,Tecelagem de fios de fibras artificiais e sintéticas,13,OPTANTE,II,NAO,Indústria — Anexo II,regra
1330-8/00,1330800,Fabricação de tecidos de malha,13,OPTANTE,II,NAO,Indústria — Anexo II,regra
1340-5/01,1340501,"Estamparia e texturização em fios, tecidos, artefatos têxteis e peças do vestuário",13,OPTANTE,II,NAO,Indústria — Anexo II,regra
1340-5/02,1340502,"Alvejamento, tingimento e torção em fios, tecidos, artefatos têxteis e peças do vestuário",13,OPTANTE,II,NAO,Indústria — Anexo II,regra
1340-5/99,1340599,"Outros serviços de acabamento em fios, tecidos, artefatos têxteis e peças do vestuário",13,OPTANTE,II,NAO,Indústria — Anexo II,regra
1351-1/00,1351100,Fabricação de artefatos têxteis para uso doméstico,13,OPTANTE,II,NAO,Indústria — Anexo II,regra
1352-9/00,1352900,Fabricação de artefatos de tapeçaria,13,OPTANTE,II,NAO,Indústria — Anexo II,regra
1353-7/00,1353700,Fabricação de artefatos de cordoaria,13,OPTANTE,II,NAO,Indústria — Anexo II,regra
1354-5/00,1354500,"Fabricação de tecidos especiais, inclusive artefatos",13,OPTANTE,II,NAO,Indústria — Anexo II,regra
1359-6/00,1359600,Fabricação de outros produtos têxteis não especificados anteriormente,13,OPTANTE,II,NAO,Indústria — Anexo II,regra
1411-8/01,1411801,Confecção de roupas íntimas,14,OPTANTE,II,NAO,Indústria — Anexo II,regra
1411-8/02,1411802,Facção de roupas íntimas,14,OPTANTE,II,NAO,Indústria — Anexo II,regra
1412-6/01,1412601,"Confecção de peças do vestuário, exceto roupas íntimas e as confeccionadas sob medida",14,OPTANTE,II,NAO,Indústria — Anexo II,regra
1412-6/02,1412602,"Confecção, sob medida, de peças do vestuário, exceto roupas íntimas",14,OPTANTE,II,NAO,Indústria — Anexo II,regra
1412-6/03,1412603,"Facção de peças do vestuário, exceto roupas íntimas",14,OPTANTE,II,NAO,Indústria — Anexo II,regra
1413-4/01,1413401,"Confecção de roupas profissionais, exceto sob medida",14,OPTANTE,II,NAO,Indústria — Anexo II,regra
1413-4/02,1413402,"Confecção, sob medida, de roupas profissionais",14,OPTANTE,II,NAO,Indústria — Anexo II,regra
1413-4/03,1413403,Facção de roupas profissionais,14,OPTANTE,II,NAO,Indústria — Anexo II,regra
1414-2/00,1414200,"Fabricação de acessórios do vestuário, exceto para segurança e proteção",14,OPTANTE,II,NAO,Indústria — Anexo II,regra
1421-5/00,1421500,Fabricação de meias,14,OPTANTE,II,NAO,Indústria — Anexo II,regra
1422-3/00,1422300,"Fabricação de artigos do vestuário, produzidos em malharias e tricotagens, exceto meias",14,OPTANTE,II,NAO,Indústria — Anexo II,regra
1510-6/00,1510600,Curtimento e outras preparações de couro,15,OPTANTE,II,NAO,Indústria — Anexo II,regra
1521-1/00,1521100,"Fabricação de artigos para viagem, bolsas e semelhantes de qualquer material",15,OPTANTE,II,NAO,Indústria — Anexo II,regra
1529-7/00,1529700,Fabricação de artefatos de couro não especificados anteriormente,15,OPTANTE,II,NAO,Indústria — Anexo II,regra
1531-9/01,1531901,Fabricação de calçados de couro,15,OPTANTE,II,NAO,Indústria — Anexo II,regra
1531-9/02,1531902,Acabamento de calçados de couro sob contrato,15,OPTANTE,II,NAO,Indústria — Anexo II,regra
1532-7/00,1532700,Fabricação de tênis de qualquer material,15,OPTANTE,II,NAO,Indústria — Anexo II,regra
1533-5/00,1533500,Fabricação de calçados de material sintético,15,OPTANTE,II,NAO,Indústria — Anexo II,regra
1539-4/00,1539400,Fabricação de calçados de materiais não especificados\nanteriormente,15,OPTANTE,II,NAO,Indústria — Anexo II,regra
1540-8/00,1540800,"Fabricação de partes para calçados, de qualquer material",15,OPTANTE,II,NAO,Indústria — Anexo II,regra
1610-2/03,1610203,Serrarias com desdobramento de madeira em bruto,16,OPTANTE,II,NAO,Indústria — Anexo II,regra
1610-2/04,1610204,Serrarias sem desdobramento de madeira em bruto - Resseragem,16,OPTANTE,II,NAO,Indústria — Anexo II,regra
1610-2/05,1610205,Serviço de tratamento de madeira realizado sob contrato,16,OPTANTE,II,NAO,Indústria — Anexo II,regra
1621-8/00,1621800,"Fabricação de madeira laminada e de chapas de madeira compensada, prensada e aglomerada",16,OPTANTE,II,NAO,Indústria — Anexo II,regra
1622-6/01,1622601,Fabricação de casas de madeira pré-fabricadas,16,OPTANTE,II,NAO,Indústria — Anexo II,regra
1622-6/02,1622602,Fabricação de esquadrias de madeira e de peças de madeira para instalações industriais e comerciais,16,OPTANTE,II,NAO,Indústria — Anexo II,regra
1622-6/99,1622699,Fabricação de outros artigos de carpintaria para construção,16,OPTANTE,II,NAO,Indústria — Anexo II,regra
1623-4/00,1623400,Fabricação de artefatos de tanoaria e de embalagens de madeira,16,OPTANTE,II,NAO,Indústria — Anexo II,regra
1629-3/01,1629301,"Fabricação de artefatos diversos de madeira, exceto móveis",16,OPTANTE,II,NAO,Indústria — Anexo II,regra
1629-3/02,1629302,"Fabricação de artefatos diversos de cortiça, bambu, palha, vime e outros materiais trançados, exceto móveis",16,OPTANTE,II,NAO,Indústria — Anexo II,regra
1710-9/00,1710900,Fabricação de celulose e outras pastas para a fabricação de papel,17,OPTANTE,II,NAO,Indústria — Anexo II,regra
1721-4/00,1721400,Fabricação de papel,17,OPTANTE,II,NAO,Indústria — Anexo II,regra
1722-2/00,1722200,Fabricação de cartolina e papel-cartão,17,OPTANTE,II,NAO,Indústria — Anexo II,regra
1731-1/00,1731100,Fabricação de embalagens de papel,17,OPTANTE,II,NAO,Indústria — Anexo II,regra
1732-0/00,1732000,Fabricação de embalagens de cartolina e papel-cartão,17,OPTANTE,II,NAO,Indústria — Anexo II,regra
1733-8/00,1733800,Fabricação de chapas e de embalagens de papelão ondulado,17,OPTANTE,II,NAO,Indústria — Anexo II,regra
1741-9/01,1741901,Fabricação de formulários contínuos,17,OPTANTE,II,NAO,Indústria — Anexo II,regra
1741-9/02,1741902,"Fabricação de produtos de papel, cartolina, papel-cartão e papelão ondulado para uso comercial e de escritório",17,OPTANTE,II,NAO,Indústria — Anexo II,regra
1742-7/01,1742701,Fabricação de fraldas descartáveis,17,OPTANTE,II,NAO,Indústria — Anexo II,regra
1742-7/02,1742702,Fabricação de absorventes higiênicos,17,OPTANTE,II,NAO,Indústria — Anexo II,regra
1742-7/99,1742799,Fabricação de produtos de papel para uso doméstico e higiênico-sanitário não especificados anteriormente,17,OPTANTE,II,NAO,Indústria — Anexo II,regra
1749-4/00,1749400,"Fabricação de produtos de pastas celulósicas, papel, cartolina, papel-cartão e papelão ondulado não especificados anteriormente",17,OPTANTE,II,NAO,Indústria — Anexo II,regra
1811-3/01,1811301,Impressão de jornais,18,OPTANTE,II,NAO,Indústria — Anexo II,regra
1811-3/02,1811302,"Impressão de livros, revistas e outras publicações periódicas",18,OPTANTE,II,NAO,Indústria — Anexo II,regra
1812-1/00,1812100,Impressão de material de segurança,18,OPTANTE,II,NAO,Indústria — Anexo II,regra
1813-0/01,1813001,Impressão de material para uso publicitário,18,OPTANTE,II,NAO,Indústria — Anexo II,regra
1813-0/99,1813099,Impressão de material para outros usos,18,OPTANTE,II,NAO,Indústria — Anexo II,regra
1821-1/00,1821100,Serviços de pré-impressão,18,OPTANTE,II,NAO,Indústria — Anexo II,regra
1822-9/01,1822901,Serviços de encadernação e plastificação,18,OPTANTE,II,NAO,Indústria — Anexo II,regra
1822-9/99,1822999,"Serviços de acabamentos gráficos, exceto encadernação e plastificação",18,OPTANTE,II,NAO,Indústria — Anexo II,regra
1830-0/01,1830001,Reprodução de som em qualquer suporte,18,OPTANTE,II,NAO,Indústria — Anexo II,regra
1830-0/02,1830002,Reprodução de vídeo em qualquer suporte,18,OPTANTE,II,NAO,Indústria — Anexo II,regra
1830-0/03,1830003,Reprodução de software em qualquer suporte,18,OPTANTE,II,NAO,Indústria — Anexo II,regra
1910-1/00,1910100,Coquerias,19,OPTANTE,II,NAO,Indústria — Anexo II,regra
1921-7/00,1921700,Fabricação de produtos do refino de petróleo,19,OPTANTE,II,NAO,Indústria — Anexo II,regra
1922-5/01,1922501,Formulação de combustíveis,19,OPTANTE,II,NAO,Indústria — Anexo II,regra
1922-5/02,1922502,Rerrefino de óleos lubrificantes,19,OPTANTE,II,NAO,Indústria — Anexo II,regra
1922-5/99,1922599,"Fabricação de outros produtos derivados do petróleo, exceto produtos do refino",19,OPTANTE,II,NAO,Indústria — Anexo II,regra
1931-4/00,1931400,Fabricação de álcool,19,OPTANTE,II,NAO,Indústria — Anexo II,regra
1932-2/00,1932200,"Fabricação de biocombustíveis, exceto álcool",19,OPTANTE,II,NAO,Indústria — Anexo II,regra
2011-8/00,2011800,Fabricação de cloro e álcalis,20,OPTANTE,II,NAO,Indústria — Anexo II,regra
2012-6/00,2012600,Fabricação de intermediários para fertilizantes,20,OPTANTE,II,NAO,Indústria — Anexo II,regra
2013-4/01,2013401,Fabricação de adubos e fertilizantes organo-minerais,20,OPTANTE,II,NAO,Indústria — Anexo II,regra
2013-4/02,2013402,"Fabricação de adubos e fertilizantes, exceto organo-minerais",20,OPTANTE,II,NAO,Indústria — Anexo II,regra
2014-2/00,2014200,Fabricação de gases industriais,20,OPTANTE,II,NAO,Indústria — Anexo II,regra
2019-3/01,2019301,Elaboração de combustíveis nucleares,20,OPTANTE,II,NAO,Indústria — Anexo II,regra
2019-3/99,2019399,Fabricação de outros produtos químicos inorgânicos não especificados anteriormente,20,OPTANTE,II,NAO,Indústria — Anexo II,regra
2021-5/00,2021500,Fabricação de produtos petroquímicos básicos,20,OPTANTE,II,NAO,Indústria — Anexo II,regra
2022-3/00,2022300,"Fabricação de intermediários para plastificantes, resinas e fibras",20,OPTANTE,II,NAO,Indústria — Anexo II,regra
2029-1/00,2029100,Fabricação de produtos químicos orgânicos não especificados anteriormente,20,OPTANTE,II,NAO,Indústria — Anexo II,regra
2031-2/00,2031200,Fabricação de resinas termoplásticas,20,OPTANTE,II,NAO,Indústria — Anexo II,regra
2032-1/00,2032100,Fabricação de resinas termofixas,20,OPTANTE,II,NAO,Indústria — Anexo II,regra
2033-9/00,2033900,Fabricação de elastômeros,20,OPTANTE,II,NAO,Indústria — Anexo II,regra
2040-1/00,2040100,Fabricação de fibras artificiais e sintéticas,20,OPTANTE,II,NAO,Indústria — Anexo II,regra
2051-7/00,2051700,Fabricação de defensivos agrícolas,20,OPTANTE,II,NAO,Indústria — Anexo II,regra
2052-5/00,2052500,Fabricação de desinfestantes domissanitários,20,OPTANTE,II,NAO,Indústria — Anexo II,regra
2061-4/00,2061400,Fabricação de sabões e detergentes sintéticos,20,OPTANTE,II,NAO,Indústria — Anexo II,regra
2062-2/00,2062200,Fabricação de produtos de limpeza e polimento,20,OPTANTE,II,NAO,Indústria — Anexo II,regra
2063-1/00,2063100,"Fabricação de cosméticos, produtos de perfumaria e de higiene pessoal",20,OPTANTE,II,NAO,Indústria — Anexo II,regra
2071-1/00,2071100,"Fabricação de tintas, vernizes, esmaltes e lacas",20,OPTANTE,II,NAO,Indústria — Anexo II,regra
2072-0/00,2072000,Fabricação de tintas de impressão,20,OPTANTE,II,NAO,Indústria — Anexo II,regra
2073-8/00,2073800,"Fabricação de impermeabilizantes, solventes e produtos afins",20,OPTANTE,II,NAO,Indústria — Anexo II,regra
2091-6/00,2091600,Fabricação de adesivos e selantes,20,OPTANTE,II,NAO,Indústria — Anexo II,regra
2092-4/01,2092401,"Fabricação de pólvoras, explosivos e detonantes",20,VEDADO,,NAO,Prefixo com vedação típica art.17 (financeiro/adm.pública/associativo/fumo/explosivos/rádio/TV),regra
2092-4/02,2092402,Fabricação de artigos pirotécnicos,20,VEDADO,,NAO,Prefixo com vedação típica art.17 (financeiro/adm.pública/associativo/fumo/explosivos/rádio/TV),regra
2092-4/03,2092403,Fabricação de fósforos de segurança,20,VEDADO,,NAO,Prefixo com vedação típica art.17 (financeiro/adm.pública/associativo/fumo/explosivos/rádio/TV),regra
2093-2/00,2093200,Fabricação de aditivos de uso industrial,20,OPTANTE,II,NAO,Indústria — Anexo II,regra
2094-1/00,2094100,Fabricação de catalisadores,20,OPTANTE,II,NAO,Indústria — Anexo II,regra
2099-1/01,2099101,"Fabricação de chapas, filmes, papéis e outros materiais e produtos químicos para fotografia",20,OPTANTE,II,NAO,Indústria — Anexo II,regra
2099-1/99,2099199,Fabricação de outros produtos químicos não especificados anteriormente,20,OPTANTE,II,NAO,Indústria — Anexo II,regra
2110-6/00,2110600,Fabricação de produtos farmoquímicos,21,OPTANTE,II,NAO,Indústria — Anexo II,regra
2121-1/01,2121101,Fabricação de medicamentos alopáticos para uso humano,21,OPTANTE,II,NAO,Indústria — Anexo II,regra
2121-1/02,2121102,Fabricação de medicamentos homeopáticos para uso humano,21,OPTANTE,II,NAO,Indústria — Anexo II,regra
2121-1/03,2121103,Fabricação de medicamentos fitoterápicos para uso humano,21,OPTANTE,II,NAO,Indústria — Anexo II,regra
2122-0/00,2122000,Fabricação de medicamentos para uso veterinário,21,OPTANTE,II,NAO,Indústria — Anexo II,regra
2123-8/00,2123800,Fabricação de preparações farmacêuticas,21,OPTANTE,II,NAO,Indústria — Anexo II,regra
2211-1/00,2211100,Fabricação de pneumáticos e de câmaras-de-ar,22,OPTANTE,II,NAO,Indústria — Anexo II,regra
2212-9/00,2212900,Reforma de pneumáticos usados,22,OPTANTE,II,NAO,Indústria — Anexo II,regra
2219-6/00,2219600,Fabricação de artefatos de borracha não especificados \nanteriormente,22,OPTANTE,II,NAO,Indústria — Anexo II,regra
2221-8/00,2221800,Fabricação de laminados planos e tubulares de material plástico,22,OPTANTE,II,NAO,Indústria — Anexo II,regra
2222-6/00,2222600,Fabricação de embalagens de material plástico,22,OPTANTE,II,NAO,Indústria — Anexo II,regra
2223-4/00,2223400,Fabricação de tubos e acessórios de material plástico para uso na construção,22,OPTANTE,II,NAO,Indústria — Anexo II,regra
2229-3/01,2229301,Fabricação de artefatos de material plástico para uso pessoal e doméstico,22,OPTANTE,II,NAO,Indústria — Anexo II,regra
2229-3/02,2229302,Fabricação de artefatos de material plástico para usos industriais,22,OPTANTE,II,NAO,Indústria — Anexo II,regra
2229-3/03,2229303,"Fabricação de artefatos de material plástico para uso na construção, exceto tubos e acessórios",22,OPTANTE,II,NAO,Indústria — Anexo II,regra
2229-3/99,2229399,Fabricação de artefatos de material plástico para outros usos não especificados anteriormente,22,OPTANTE,II,NAO,Indústria — Anexo II,regra
2311-7/00,2311700,Fabricação de vidro plano e de segurança,23,OPTANTE,II,NAO,Indústria — Anexo II,regra
2312-5/00,2312500,Fabricação de embalagens de vidro,23,OPTANTE,II,NAO,Indústria — Anexo II,regra
2319-2/00,2319200,Fabricação de artigos de vidro,23,OPTANTE,II,NAO,Indústria — Anexo II,regra
2320-6/00,2320600,Fabricação de cimento,23,OPTANTE,II,NAO,Indústria — Anexo II,regra
2330-3/01,2330301,"Fabricação de estruturas pré-moldadas de concreto armado, em série e sob encomenda",23,OPTANTE,II,NAO,Indústria — Anexo II,regra
2330-3/02,2330302,Fabricação de artefatos de cimento para uso na construção,23,OPTANTE,II,NAO,Indústria — Anexo II,regra
2330-3/03,2330303,Fabricação de artefatos de fibrocimento para uso na construção,23,OPTANTE,II,NAO,Indústria — Anexo II,regra
2330-3/04,2330304,Fabricação de casas pré-moldadas de concreto,23,OPTANTE,II,NAO,Indústria — Anexo II,regra
2330-3/05,2330305,Preparação de massa de concreto e argamassa para construção,23,OPTANTE,II,NAO,Indústria — Anexo II,regra
2330-3/99,2330399,"Fabricação de outros artefatos e produtos de concreto, cimento, fibrocimento, gesso e materiais semelhantes",23,OPTANTE,II,NAO,Indústria — Anexo II,regra
2341-9/00,2341900,Fabricação de produtos cerâmicos refratários,23,OPTANTE,II,NAO,Indústria — Anexo II,regra
2342-7/01,2342701,Fabricação de azulejos e pisos,23,OPTANTE,II,NAO,Indústria — Anexo II,regra
2342-7/02,2342702,"Fabricação de artefatos de cerâmica e barro cozido para uso na construção, exceto azulejos e pisos",23,OPTANTE,II,NAO,Indústria — Anexo II,regra
2349-4/01,2349401,Fabricação de material sanitário de cerâmica,23,OPTANTE,II,NAO,Indústria — Anexo II,regra
2349-4/99,2349499,Fabricação de produtos cerâmicos não refratários não especificados anteriormente,23,OPTANTE,II,NAO,Indústria — Anexo II,regra
2391-5/01,2391501,"Britamento de pedras, exceto associado à extração",23,OPTANTE,II,NAO,Indústria — Anexo II,regra
2391-5/02,2391502,"Aparelhamento de pedras para construção, exceto associado à extração",23,OPTANTE,II,NAO,Indústria — Anexo II,regra
2391-5/03,2391503,"Aparelhamento de placas e execução de trabalhos em mármore, granito, ardósia e outras pedras",23,OPTANTE,II,NAO,Indústria — Anexo II,regra
2392-3/00,2392300,Fabricação de cal e gesso,23,OPTANTE,II,NAO,Indústria — Anexo II,regra
2399-1/01,2399101,"Decoração, lapidação, gravação, vitrificação e outros trabalhos em cerâmica, louça, vidro e cristal",23,OPTANTE,II,NAO,Indústria — Anexo II,regra
2399-1/02,2399102,Fabricação de abrasivos,23,OPTANTE,II,NAO,Indústria — Anexo II,regra
2399-1/99,2399199,Fabricação de outros produtos de minerais não metálicos não especificados anteriormente,23,OPTANTE,II,NAO,Indústria — Anexo II,regra
2411-3/00,2411300,Produção de ferro-gusa,24,OPTANTE,II,NAO,Indústria — Anexo II,regra
2412-1/00,2412100,Produção de ferroligas,24,OPTANTE,II,NAO,Indústria — Anexo II,regra
2421-1/00,2421100,Produção de semiacabados de aço,24,OPTANTE,II,NAO,Indústria — Anexo II,regra
2422-9/01,2422901,"Produção de laminados planos de aço ao carbono, revestidos ou não",24,OPTANTE,II,NAO,Indústria — Anexo II,regra
2422-9/02,2422902,Produção de laminados planos de aços especiais,24,OPTANTE,II,NAO,Indústria — Anexo II,regra
2423-7/01,2423701,Produção de tubos de aço sem costura,24,OPTANTE,II,NAO,Indústria — Anexo II,regra
2423-7/02,2423702,"Produção de laminados longos de aço, exceto tubos",24,OPTANTE,II,NAO,Indústria — Anexo II,regra
2424-5/01,2424501,Produção de arames de aço,24,OPTANTE,II,NAO,Indústria — Anexo II,regra
2424-5/02,2424502,"Produção de relaminados, trefilados e perfilados de aço, exceto arames",24,OPTANTE,II,NAO,Indústria — Anexo II,regra
2431-8/00,2431800,Produção de tubos de aço com costura,24,OPTANTE,II,NAO,Indústria — Anexo II,regra
2439-3/00,2439300,Produção de outros tubos de ferro e aço,24,OPTANTE,II,NAO,Indústria — Anexo II,regra
2441-5/01,2441501,Produção de alumínio e suas ligas em formas primárias,24,OPTANTE,II,NAO,Indústria — Anexo II,regra
2441-5/02,2441502,Produção de laminados de alumínio,24,OPTANTE,II,NAO,Indústria — Anexo II,regra
2442-3/00,2442300,Metalurgia dos metais preciosos,24,OPTANTE,II,NAO,Indústria — Anexo II,regra
2443-1/00,2443100,Metalurgia do cobre,24,OPTANTE,II,NAO,Indústria — Anexo II,regra
2449-1/01,2449101,Produção de zinco em formas primárias,24,OPTANTE,II,NAO,Indústria — Anexo II,regra
2449-1/02,2449102,Produção de laminados de zinco,24,OPTANTE,II,NAO,Indústria — Anexo II,regra
2449-1/03,2449103,Fabricação de ânodos para galvanoplastia,24,OPTANTE,II,NAO,Indústria — Anexo II,regra
2449-1/99,2449199,Metalurgia de outros metais não ferrosos e suas ligas não especificados anteriormente,24,OPTANTE,II,NAO,Indústria — Anexo II,regra
2451-2/00,2451200,Fundição de ferro e aço,24,OPTANTE,II,NAO,Indústria — Anexo II,regra
2452-1/00,2452100,Fundição de metais não ferrosos e suas ligas,24,OPTANTE,II,NAO,Indústria — Anexo II,regra
2511-0/00,2511000,Fabricação de estruturas metálicas,25,OPTANTE,II,NAO,Indústria — Anexo II,regra
2512-8/00,2512800,Fabricação de esquadrias de metal,25,OPTANTE,II,NAO,Indústria — Anexo II,regra
2513-6/00,2513600,Fabricação de obras de caldeiraria pesada,25,OPTANTE,II,NAO,Indústria — Anexo II,regra
2521-7/00,2521700,"Fabricação de tanques, reservatórios metálicos e caldeiras para aquecimento central",25,OPTANTE,II,NAO,Indústria — Anexo II,regra
2522-5/00,2522500,"Fabricação de caldeiras geradoras de vapor, exceto para aquecimento central e para veículos",25,OPTANTE,II,NAO,Indústria — Anexo II,regra
2531-4/01,2531401,Produção de forjados de aço,25,OPTANTE,II,NAO,Indústria — Anexo II,regra
2531-4/02,2531402,Produção de forjados de metais não ferrosos e suas ligas,25,OPTANTE,II,NAO,Indústria — Anexo II,regra
2532-2/01,2532201,Produção de artefatos estampados de metal,25,OPTANTE,II,NAO,Indústria — Anexo II,regra
2532-2/02,2532202,Metalurgia do pó,25,OPTANTE,II,NAO,Indústria — Anexo II,regra
2539-0/01,2539001,"Serviços de usinagem, torneiria e solda",25,OPTANTE,II,NAO,Indústria — Anexo II,regra
2539-0/02,2539002,Serviços de tratamento e revestimento em metais,25,OPTANTE,II,NAO,Indústria — Anexo II,regra
2541-1/00,2541100,Fabricação de artigos de cutelaria,25,OPTANTE,II,NAO,Indústria — Anexo II,regra
2542-0/00,2542000,"Fabricação de artigos de serralheria, exceto esquadrias",25,OPTANTE,II,NAO,Indústria — Anexo II,regra
2543-8/00,2543800,Fabricação de ferramentas,25,OPTANTE,II,NAO,Indústria — Anexo II,regra
2550-1/01,2550101,"Fabricação de equipamento bélico pesado, exceto veículos militares de combate",25,VEDADO,,NAO,Industrial com vedação potencial (armas/explosivos/fumo/bebidas em escala) — validar,regra
2550-1/02,2550102,"Fabricação de armas de fogo, outras armas e munições",25,VEDADO,,NAO,Industrial com vedação potencial (armas/explosivos/fumo/bebidas em escala) — validar,regra
2591-8/00,2591800,Fabricação de embalagens metálicas,25,OPTANTE,II,NAO,Indústria — Anexo II,regra
2592-6/01,2592601,Fabricação de produtos de trefilados de metal padronizados,25,OPTANTE,II,NAO,Indústria — Anexo II,regra
2592-6/02,2592602,"Fabricação de produtos de trefilados de metal, exceto padronizados",25,OPTANTE,II,NAO,Indústria — Anexo II,regra
2593-4/00,2593400,Fabricação de artigos de metal para uso doméstico e pessoal,25,OPTANTE,II,NAO,Indústria — Anexo II,regra
2599-3/01,2599301,Serviços de confecção de armações metálicas para a construção,25,OPTANTE,II,NAO,Indústria — Anexo II,regra
2599-3/02,2599302,Serviço de corte e dobra de metais,25,OPTANTE,II,NAO,Indústria — Anexo II,regra
2599-3/99,2599399,Fabricação de outros produtos de metal não especificados anteriormente,25,OPTANTE,II,NAO,Indústria — Anexo II,regra
2610-8/00,2610800,Fabricação de componentes eletrônicos,26,OPTANTE,II,NAO,Indústria — Anexo II,regra
2621-3/00,2621300,Fabricação de equipamentos de informática,26,OPTANTE,II,NAO,Indústria — Anexo II,regra
2622-1/00,2622100,Fabricação de periféricos para equipamentos de informática,26,OPTANTE,II,NAO,Indústria — Anexo II,regra
2631-1/00,2631100,"Fabricação de equipamentos transmissores de comunicação, peças e acessórios",26,OPTANTE,II,NAO,Indústria — Anexo II,regra
2632-9/00,2632900,"Fabricação de aparelhos telefônicos e de outros equipamentos de comunicação, peças e acessórios",26,OPTANTE,II,NAO,Indústria — Anexo II,regra
2640-0/00,2640000,"Fabricação de aparelhos de recepção, reprodução, gravação e amplificação de áudio e vídeo",26,OPTANTE,II,NAO,Indústria — Anexo II,regra
2651-5/00,2651500,"Fabricação de aparelhos e equipamentos de medida, teste e controle",26,OPTANTE,II,NAO,Indústria — Anexo II,regra
2652-3/00,2652300,Fabricação de cronômetros e relógios,26,OPTANTE,II,NAO,Indústria — Anexo II,regra
2660-4/00,2660400,Fabricação de aparelhos eletromédicos e eletroterapêuticos e equipamentos de irradiação,26,OPTANTE,II,NAO,Indústria — Anexo II,regra
2670-1/01,2670101,"Fabricação de equipamentos e instrumentos ópticos, peças e acessórios",26,OPTANTE,II,NAO,Indústria — Anexo II,regra
2670-1/02,2670102,"Fabricação de aparelhos fotográficos e cinematográficos, peças e acessórios",26,OPTANTE,II,NAO,Indústria — Anexo II,regra
2680-9/00,2680900,"Fabricação de mídias virgens, magnéticas e ópticas",26,OPTANTE,II,NAO,Indústria — Anexo II,regra
2710-4/01,2710401,"Fabricação de geradores de corrente contínua e alternada, peças e acessórios",27,OPTANTE,II,NAO,Indústria — Anexo II,regra
2710-4/02,2710402,"Fabricação de transformadores, indutores, conversores, sincronizadores e semelhantes, peças e acessórios",27,OPTANTE,II,NAO,Indústria — Anexo II,regra
2710-4/03,2710403,"Fabricação de motores elétricos, peças e acessórios",27,OPTANTE,II,NAO,Indústria — Anexo II,regra
2721-0/00,2721000,"Fabricação de pilhas, baterias e acumuladores elétricos, exceto para veículos automotores",27,OPTANTE,II,NAO,Indústria — Anexo II,regra
2722-8/01,2722801,Fabricação de baterias e acumuladores para veículos automotores,27,OPTANTE,II,NAO,Indústria — Anexo II,regra
2722-8/02,2722802,Recondicionamento de baterias e acumuladores para veículos automotores,27,OPTANTE,II,NAO,Indústria — Anexo II,regra
2731-7/00,2731700,Fabricação de aparelhos e equipamentos para distribuição e controle de energia elétrica,27,OPTANTE,II,NAO,Indústria — Anexo II,regra
2732-5/00,2732500,Fabricação de material elétrico para instalações em circuito de consumo,27,OPTANTE,II,NAO,Indústria — Anexo II,regra
2733-3/00,2733300,"Fabricação de fios, cabos e condutores elétricos isolados",27,OPTANTE,II,NAO,Indústria — Anexo II,regra
2740-6/01,2740601,Fabricação de lâmpadas,27,OPTANTE,II,NAO,Indústria — Anexo II,regra
2740-6/02,2740602,Fabricação de luminárias e outros equipamentos de iluminação,27,OPTANTE,II,NAO,Indústria — Anexo II,regra
2751-1/00,2751100,"Fabricação de fogões, refrigeradores e máquinas de lavar e secar para uso doméstico, peças e acessórios",27,OPTANTE,II,NAO,Indústria — Anexo II,regra
2759-7/01,2759701,"Fabricação de aparelhos elétricos de uso pessoal, peças e acessórios",27,OPTANTE,II,NAO,Indústria — Anexo II,regra
2759-7/99,2759799,"Fabricação de outros aparelhos eletrodomésticos não especificados anteriormente, peças e acessórios",27,OPTANTE,II,NAO,Indústria — Anexo II,regra
2790-2/01,2790201,"Fabricação de eletrodos, contatos e outros artigos de carvão e grafita para uso elétrico, eletroímãs e isoladores",27,OPTANTE,II,NAO,Indústria — Anexo II,regra
2790-2/02,2790202,Fabricação de equipamentos para sinalização e alarme,27,OPTANTE,II,NAO,Indústria — Anexo II,regra
2790-2/99,2790299,Fabricação de outros equipamentos e aparelhos elétricos não especificados anteriormente,27,OPTANTE,II,NAO,Indústria — Anexo II,regra
2811-9/00,2811900,"Fabricação de motores e turbinas, peças e acessórios, exceto para aviões e veículos rodoviários",28,OPTANTE,II,NAO,Indústria — Anexo II,regra
2812-7/00,2812700,"Fabricação de equipamentos hidráulicos e pneumáticos, peças e acessórios, exceto válvulas",28,OPTANTE,II,NAO,Indústria — Anexo II,regra
2813-5/00,2813500,"Fabricação de válvulas, registros e dispositivos semelhantes, peças e acessórios",28,OPTANTE,II,NAO,Indústria — Anexo II,regra
2814-3/01,2814301,"Fabricação de compressores para uso industrial, peças e acessórios",28,OPTANTE,II,NAO,Indústria — Anexo II,regra
2814-3/02,2814302,"Fabricação de compressores para uso não industrial, peças e acessórios",28,OPTANTE,II,NAO,Indústria — Anexo II,regra
2815-1/01,2815101,Fabricação de rolamentos para fins industriais,28,OPTANTE,II,NAO,Indústria — Anexo II,regra
2815-1/02,2815102,"Fabricação de equipamentos de transmissão para fins industriais, exceto rolamentos",28,OPTANTE,II,NAO,Indústria — Anexo II,regra
2821-6/01,2821601,"Fabricação de fornos industriais, aparelhos e equipamentos não elétricos para instalações térmicas, peças e acessórios",28,OPTANTE,II,NAO,Indústria — Anexo II,regra
2821-6/02,2821602,"Fabricação de estufas e fornos elétricos para fins industriais, peças e acessórios",28,OPTANTE,II,NAO,Indústria — Anexo II,regra
2822-4/01,2822401,"Fabricação de máquinas, equipamentos e aparelhos para transporte e elevação de pessoas, peças e acessórios",28,OPTANTE,II,NAO,Indústria — Anexo II,regra
2822-4/02,2822402,"Fabricação de máquinas, equipamentos e aparelhos para transporte e elevação de cargas, peças e acessórios",28,OPTANTE,II,NAO,Indústria — Anexo II,regra
2823-2/00,2823200,"Fabricação de máquinas e aparelhos de refrigeração e ventilação para uso industrial e comercial, peças e acessórios",28,OPTANTE,II,NAO,Indústria — Anexo II,regra
2824-1/01,2824101,Fabricação de aparelhos e equipamentos de ar condicionado para uso industrial,28,OPTANTE,II,NAO,Indústria — Anexo II,regra
2824-1/02,2824102,Fabricação de aparelhos e equipamentos de ar condicionado para uso não industrial,28,OPTANTE,II,NAO,Indústria — Anexo II,regra
2825-9/00,2825900,"Fabricação de máquinas e equipamentos para saneamento básico e ambiental, peças e acessórios",28,OPTANTE,II,NAO,Indústria — Anexo II,regra
2829-1/01,2829101,"Fabricação de máquinas de escrever, calcular e outros equipamentos não eletrônicos para escritório, peças e acessórios",28,OPTANTE,II,NAO,Indústria — Anexo II,regra
2829-1/99,2829199,"Fabricação de outras máquinas e equipamentos de uso geral não especificados anteriormente, peças e acessórios",28,OPTANTE,II,NAO,Indústria — Anexo II,regra
2831-3/00,2831300,"Fabricação de tratores agrícolas, peças e acessórios",28,OPTANTE,II,NAO,Indústria — Anexo II,regra
2832-1/00,2832100,"Fabricação de equipamentos para irrigação agrícola, peças e acessórios",28,OPTANTE,II,NAO,Indústria — Anexo II,regra
2833-0/00,2833000,"Fabricação de máquinas e equipamentos para a agricultura e pecuária, peças e acessórios, exceto para irrigação",28,OPTANTE,II,NAO,Indústria — Anexo II,regra
2840-2/00,2840200,"Fabricação de máquinas-ferramenta, peças e acessórios",28,OPTANTE,II,NAO,Indústria — Anexo II,regra
2851-8/00,2851800,"Fabricação de máquinas e equipamentos para a prospecção e extração de petróleo, peças e acessórios",28,OPTANTE,II,NAO,Indústria — Anexo II,regra
2852-6/00,2852600,"Fabricação de outras máquinas e equipamentos para uso na extração mineral, peças e acessórios, exceto na extração de petróleo",28,OPTANTE,II,NAO,Indústria — Anexo II,regra
2853-4/00,2853400,"Fabricação de tratores, peças e acessórios, exceto agrícolas",28,OPTANTE,II,NAO,Indústria — Anexo II,regra
2854-2/00,2854200,"Fabricação de máquinas e equipamentos para terraplenagem, pavimentação e construção, peças e acessórios, exceto tratores",28,OPTANTE,II,NAO,Indústria — Anexo II,regra
2861-5/00,2861500,"Fabricação de máquinas para a indústria metalúrgica, peças e acessórios, exceto máquinas-ferramenta",28,OPTANTE,II,NAO,Indústria — Anexo II,regra
2862-3/00,2862300,"Fabricação de máquinas e equipamentos para as indústrias de alimentos, bebidas e fumo, peças e acessórios",28,OPTANTE,II,NAO,Indústria — Anexo II,regra
2863-1/00,2863100,"Fabricação de máquinas e equipamentos para a indústria têxtil, peças e acessórios",28,OPTANTE,II,NAO,Indústria — Anexo II,regra
2864-0/00,2864000,"Fabricação de máquinas e equipamentos para as indústrias do vestuário, do couro e de calçados, peças e acessórios",28,OPTANTE,II,NAO,Indústria — Anexo II,regra
2865-8/00,2865800,"Fabricação de máquinas e equipamentos para as indústrias de celulose, papel e papelão e artefatos, peças e acessórios",28,OPTANTE,II,NAO,Indústria — Anexo II,regra
2866-6/00,2866600,"Fabricação de máquinas e equipamentos para a indústria do plástico, peças e acessórios",28,OPTANTE,II,NAO,Indústria — Anexo II,regra
2869-1/00,2869100,"Fabricação de máquinas e equipamentos para uso industrial específico não especificados anteriormente, peças e acessórios",28,OPTANTE,II,NAO,Indústria — Anexo II,regra
2910-7/01,2910701,"Fabricação de automóveis, camionetas e utilitários",29,OPTANTE,II,NAO,Indústria — Anexo II,regra
2910-7/02,2910702,"Fabricação de chassis com motor para automóveis, camionetas e utilitários",29,OPTANTE,II,NAO,Indústria — Anexo II,regra
2910-7/03,2910703,"Fabricação de motores para automóveis, camionetas e utilitários",29,OPTANTE,II,NAO,Indústria — Anexo II,regra
2920-4/01,2920401,Fabricação de caminhões e ônibus,29,OPTANTE,II,NAO,Indústria — Anexo II,regra
2920-4/02,2920402,Fabricação de motores para caminhões e ônibus,29,OPTANTE,II,NAO,Indústria — Anexo II,regra
2930-1/01,2930101,"Fabricação de cabines, carrocerias e reboques para caminhões",29,OPTANTE,II,NAO,Indústria — Anexo II,regra
2930-1/02,2930102,Fabricação de carrocerias para ônibus,29,OPTANTE,II,NAO,Indústria — Anexo II,regra
2930-1/03,2930103,"Fabricação de cabines, carrocerias e reboques para outros veículos automotores, exceto caminhões e ônibus",29,OPTANTE,II,NAO,Indústria — Anexo II,regra
2941-7/00,2941700,Fabricação de peças e acessórios para o sistema motor de veículos automotores,29,OPTANTE,II,NAO,Indústria — Anexo II,regra
2942-5/00,2942500,Fabricação de peças e acessórios para os sistemas de marcha e transmissão de veículos automotores,29,OPTANTE,II,NAO,Indústria — Anexo II,regra
2943-3/00,2943300,Fabricação de peças e acessórios para o sistema de freios de veículos automotores,29,OPTANTE,II,NAO,Indústria — Anexo II,regra
2944-1/00,2944100,Fabricação de peças e acessórios para o sistema de direção e suspensão de veículos automotores,29,OPTANTE,II,NAO,Indústria — Anexo II,regra
2945-0/00,2945000,"Fabricação de material elétrico e eletrônico para veículos automotores, exceto baterias",29,OPTANTE,II,NAO,Indústria — Anexo II,regra
2949-2/01,2949201,Fabricação de bancos e estofados para veículos automotores,29,OPTANTE,II,NAO,Indústria — Anexo II,regra
2949-2/99,2949299,Fabricação de outras peças e acessórios para veículos automotores não especificadas anteriormente,29,OPTANTE,II,NAO,Indústria — Anexo II,regra
2950-6/00,2950600,Recondicionamento e recuperação de motores para veículos automotores,29,OPTANTE,II,NAO,Indústria — Anexo II,regra
3011-3/01,3011301,Construção de embarcações de grande porte,30,OPTANTE,II,NAO,Indústria — Anexo II,regra
3011-3/02,3011302,"Construção de embarcações para uso comercial e para usos especiais, exceto de grande porte",30,OPTANTE,II,NAO,Indústria — Anexo II,regra
3012-1/00,3012100,Construção de embarcações para esporte e lazer,30,OPTANTE,II,NAO,Indústria — Anexo II,regra
3031-8/00,3031800,"Fabricação de locomotivas, vagões e outros materiais rodantes",30,OPTANTE,II,NAO,Indústria — Anexo II,regra
3032-6/00,3032600,Fabricação de peças e acessórios para veículos ferroviários,30,OPTANTE,II,NAO,Indústria — Anexo II,regra
3041-5/00,3041500,Fabricação de aeronaves,30,OPTANTE,II,NAO,Indústria — Anexo II,regra
3042-3/00,3042300,"Fabricação de turbinas, motores e outros componentes e peças para aeronaves",30,OPTANTE,II,NAO,Indústria — Anexo II,regra
3050-4/00,3050400,Fabricação de veículos militares de combate,30,OPTANTE,II,NAO,Indústria — Anexo II,regra
3091-1/01,3091101,Fabricação de motocicletas,30,OPTANTE,II,NAO,Indústria — Anexo II,regra
3091-1/02,3091102,Fabricação de peças e acessórios para motocicletas,30,OPTANTE,II,NAO,Indústria — Anexo II,regra
3092-0/00,3092000,"Fabricação de bicicletas e triciclos não motorizados, peças e acessórios",30,OPTANTE,II,NAO,Indústria — Anexo II,regra
3099-7/00,3099700,Fabricação de equipamentos de transporte não especificados anteriormente,30,OPTANTE,II,NAO,Indústria — Anexo II,regra
3101-2/00,3101200,Fabricação de móveis com predominância de madeira,31,OPTANTE,II,NAO,Indústria — Anexo II,regra
3102-1/00,3102100,Fabricação de móveis com predominância de metal,31,OPTANTE,II,NAO,Indústria — Anexo II,regra
3103-9/00,3103900,"Fabricação de móveis de outros materiais, exceto madeira e metal",31,OPTANTE,II,NAO,Indústria — Anexo II,regra
3104-7/00,3104700,Fabricação de colchões,31,OPTANTE,II,NAO,Indústria — Anexo II,regra
3211-6/01,3211601,Lapidação de gemas,32,OPTANTE,II,NAO,Indústria — Anexo II,regra
3211-6/02,3211602,Fabricação de artefatos de joalheria e ourivesaria,32,OPTANTE,II,NAO,Indústria — Anexo II,regra
3211-6/03,3211603,Cunhagem de moedas e medalhas,32,OPTANTE,II,NAO,Indústria — Anexo II,regra
3212-4/00,3212400,Fabricação de bijuterias e artefatos semelhantes,32,OPTANTE,II,NAO,Indústria — Anexo II,regra
3220-5/00,3220500,"Fabricação de instrumentos musicais, peças e acessórios",32,OPTANTE,II,NAO,Indústria — Anexo II,regra
3230-2/00,3230200,Fabricação de artefatos para pesca e esporte,32,OPTANTE,II,NAO,Indústria — Anexo II,regra
3240-0/01,3240001,Fabricação de jogos eletrônicos,32,OPTANTE,II,NAO,Indústria — Anexo II,regra
3240-0/02,3240002,"Fabricação de mesas de bilhar, de sinuca e acessórios não associada à locação",32,OPTANTE,II,NAO,Indústria — Anexo II,regra
3240-0/03,3240003,"Fabricação de mesas de bilhar, de sinuca e acessórios associada à locação",32,OPTANTE,II,NAO,Indústria — Anexo II,regra
3240-0/99,3240099,Fabricação de outros brinquedos e jogos recreativos não especificados anteriormente,32,OPTANTE,II,NAO,Indústria — Anexo II,regra
3250-7/01,3250701,"Fabricação de instrumentos não eletrônicos e utensílios para uso médico, cirúrgico, odontológico e de laboratório",32,OPTANTE,II,NAO,Indústria — Anexo II,regra
3250-7/02,3250702,"Fabricação de mobiliário para uso médico, cirúrgico, odontológico e de laboratório",32,OPTANTE,II,NAO,Indústria — Anexo II,regra
3250-7/03,3250703,Fabricação de aparelhos e utensílios para correção de defeitos físicos e aparelhos ortopédicos em geral sob encomenda,32,OPTANTE,II,NAO,Indústria — Anexo II,regra
3250-7/04,3250704,"Fabricação de aparelhos e utensílios para correção de defeitos físicos e aparelhos ortopédicos em geral, exceto sob encomenda",32,OPTANTE,II,NAO,Indústria — Anexo II,regra
3250-7/05,3250705,Fabricação de materiais para medicina e odontologia,32,OPTANTE,II,NAO,Indústria — Anexo II,regra
3250-7/06,3250706,Serviços de prótese dentária,32,OPTANTE,II,NAO,Indústria — Anexo II,regra
3250-7/07,3250707,Fabricação de artigos ópticos,32,OPTANTE,II,NAO,Indústria — Anexo II,regra
3250-7/09,3250709,Serviço de laboratório óptico,32,OPTANTE,II,NAO,Indústria — Anexo II,regra
3291-4/00,3291400,"Fabricação de escovas, pincéis e vassouras",32,OPTANTE,II,NAO,Indústria — Anexo II,regra
3292-2/01,3292201,Fabricação de roupas de proteção e segurança e resistentes a fogo,32,OPTANTE,II,NAO,Indústria — Anexo II,regra
3292-2/02,3292202,Fabricação de equipamentos e acessórios para segurança pessoal e profissional,32,OPTANTE,II,NAO,Indústria — Anexo II,regra
3299-0/01,3299001,Fabricação de guarda-chuvas e similares,32,OPTANTE,II,NAO,Indústria — Anexo II,regra
3299-0/02,3299002,"Fabricação de canetas, lápis e outros artigos para escritório",32,OPTANTE,II,NAO,Indústria — Anexo II,regra
3299-0/03,3299003,"Fabricação de letras, letreiros e placas de qualquer material, exceto luminosos",32,OPTANTE,II,NAO,Indústria — Anexo II,regra
3299-0/04,3299004,Fabricação de painéis e letreiros luminosos,32,OPTANTE,II,NAO,Indústria — Anexo II,regra
3299-0/05,3299005,Fabricação de aviamentos para costura,32,OPTANTE,II,NAO,Indústria — Anexo II,regra
3299-0/06,3299006,"Fabricação de velas, inclusive decorativas",32,OPTANTE,II,NAO,Indústria — Anexo II,regra
3299-0/99,3299099,Fabricação de produtos diversos não especificados anteriormente,32,OPTANTE,II,NAO,Indústria — Anexo II,regra
3311-2/00,3311200,"Manutenção e reparação de tanques, reservatórios metálicos e caldeiras, exceto para veículos",33,OPTANTE,II,NAO,Indústria — Anexo II,regra
3312-1/02,3312102,"Manutenção e reparação de aparelhos e instrumentos de medida, teste e controle",33,OPTANTE,II,NAO,Indústria — Anexo II,regra
3312-1/03,3312103,Manutenção e reparação de aparelhos eletromédicos e eletroterapêuticos e equipamentos de irradiação,33,OPTANTE,II,NAO,Indústria — Anexo II,regra
3312-1/04,3312104,Manutenção e reparação de equipamentos e instrumentos ópticos,33,OPTANTE,II,NAO,Indústria — Anexo II,regra
3313-9/01,3313901,"Manutenção e reparação de geradores, transformadores e motores elétricos",33,OPTANTE,II,NAO,Indústria — Anexo II,regra
3313-9/02,3313902,"Manutenção e reparação de baterias e acumuladores elétricos, exceto para veículos",33,OPTANTE,II,NAO,Indústria — Anexo II,regra
3313-9/99,3313999,"Manutenção e reparação de máquinas, aparelhos e materiais elétricos não especificados anteriormente",33,OPTANTE,II,NAO,Indústria — Anexo II,regra
3314-7/01,3314701,Manutenção e reparação de máquinas motrizes não elétricas,33,OPTANTE,II,NAO,Indústria — Anexo II,regra
3314-7/02,3314702,"Manutenção e reparação de equipamentos hidráulicos e pneumáticos, exceto válvulas",33,OPTANTE,II,NAO,Indústria — Anexo II,regra
3314-7/03,3314703,Manutenção e reparação de válvulas industriais,33,OPTANTE,II,NAO,Indústria — Anexo II,regra
3314-7/04,3314704,Manutenção e reparação de compressores,33,OPTANTE,II,NAO,Indústria — Anexo II,regra
3314-7/05,3314705,Manutenção e reparação de equipamentos de transmissão para fins industriais,33,OPTANTE,II,NAO,Indústria — Anexo II,regra
3314-7/06,3314706,"Manutenção e reparação de máquinas, aparelhos e equipamentos para instalações térmicas",33,OPTANTE,II,NAO,Indústria — Anexo II,regra
3314-7/07,3314707,Manutenção e reparação de máquinas e aparelhos de refrigeração e ventilação para uso industrial e comercial,33,OPTANTE,II,NAO,Indústria — Anexo II,regra
3314-7/08,3314708,"Manutenção e reparação de máquinas, equipamentos e aparelhos para transporte e elevação de cargas",33,OPTANTE,II,NAO,Indústria — Anexo II,regra
3314-7/09,3314709,"Manutenção e reparação de máquinas de escrever, calcular e de outros equipamentos não eletrônicos para escritório",33,OPTANTE,II,NAO,Indústria — Anexo II,regra
3314-7/10,3314710,Manutenção e reparação de máquinas e equipamentos para uso geral não especificados anteriormente,33,OPTANTE,II,NAO,Indústria — Anexo II,regra
3314-7/11,3314711,Manutenção e reparação de máquinas e equipamentos para agricultura e pecuária,33,OPTANTE,II,NAO,Indústria — Anexo II,regra
3314-7/12,3314712,Manutenção e reparação de tratores agrícolas,33,OPTANTE,II,NAO,Indústria — Anexo II,regra
3314-7/13,3314713,Manutenção e reparação de máquinas-ferramenta,33,OPTANTE,II,NAO,Indústria — Anexo II,regra
3314-7/14,3314714,Manutenção e reparação de máquinas e equipamentos para a prospecção e extração de petróleo,33,OPTANTE,II,NAO,Indústria — Anexo II,regra
3314-7/15,3314715,"Manutenção e reparação de máquinas e equipamentos para uso na extração mineral, exceto na extração de petróleo",33,OPTANTE,II,NAO,Indústria — Anexo II,regra
3314-7/16,3314716,"Manutenção e reparação de tratores, exceto agrícolas",33,OPTANTE,II,NAO,Indústria — Anexo II,regra
3314-7/17,3314717,"Manutenção e reparação de máquinas e equipamentos de terraplenagem, pavimentação e construção, exceto tratores",33,OPTANTE,II,NAO,Indústria — Anexo II,regra
3314-7/18,3314718,"Manutenção e reparação de máquinas para a indústria metalúrgica, exceto máquinas-ferramenta",33,OPTANTE,II,NAO,Indústria — Anexo II,regra
3314-7/19,3314719,"Manutenção e reparação de máquinas e equipamentos para as indústrias de alimentos, bebidas e fumo",33,OPTANTE,II,NAO,Indústria — Anexo II,regra
3314-7/20,3314720,"Manutenção e reparação de máquinas e equipamentos para a indústria têxtil, do vestuário, do couro e calçados",33,OPTANTE,II,NAO,Indústria — Anexo II,regra
3314-7/21,3314721,"Manutenção e reparação de máquinas e aparelhos para a indústria de celulose, papel e papelão e artefatos",33,OPTANTE,II,NAO,Indústria — Anexo II,regra
3314-7/22,3314722,Manutenção e reparação de máquinas e aparelhos para a indústria do plástico,33,OPTANTE,II,NAO,Indústria — Anexo II,regra
3314-7/99,3314799,Manutenção e reparação de outras máquinas e equipamentos para usos industriais não especificados anteriormente,33,OPTANTE,II,NAO,Indústria — Anexo II,regra
3315-5/00,3315500,Manutenção e reparação de veículos ferroviários,33,OPTANTE,II,NAO,Indústria — Anexo II,regra
3316-3/01,3316301,"Manutenção e reparação de aeronaves, exceto a manutenção na pista",33,OPTANTE,II,NAO,Indústria — Anexo II,regra
3316-3/02,3316302,Manutenção de aeronaves na pista,33,OPTANTE,II,NAO,Indústria — Anexo II,regra
3317-1/01,3317101,Manutenção e reparação de embarcações e estruturas flutuantes,33,OPTANTE,II,NAO,Indústria — Anexo II,regra
3317-1/02,3317102,Manutenção e reparação de embarcações para esporte e lazer,33,OPTANTE,II,NAO,Indústria — Anexo II,regra
3319-8/00,3319800,Manutenção e reparação de equipamentos e produtos não especificados anteriormente,33,OPTANTE,II,NAO,Indústria — Anexo II,regra
3321-0/00,3321000,Instalação de máquinas e equipamentos industriais,33,OPTANTE,II,NAO,Indústria — Anexo II,regra
3329-5/01,3329501,Serviços de montagem de móveis de qualquer material,33,OPTANTE,II,NAO,Indústria — Anexo II,regra
3329-5/99,3329599,Instalação de outros equipamentos não especificados anteriormente,33,OPTANTE,II,NAO,Indústria — Anexo II,regra
3511-5/01,3511501,Geração de energia elétrica,35,VEDADO,,NAO,Energia/gás — verificar vedação (ex: 3513-1/00 vedado),regra
3511-5/02,3511502,Atividades de coordenação e controle da operação da geração e transmissão de energia elétrica,35,VEDADO,,NAO,Energia/gás — verificar vedação (ex: 3513-1/00 vedado),regra
3512-3/00,3512300,Transmissão de energia elétrica,35,VEDADO,,NAO,Curadoria: vedação art.17,curadoria
3513-1/00,3513100,Comércio atacadista de energia elétrica,35,VEDADO,,NAO,Curadoria: vedação art.17,curadoria
3514-0/00,3514000,Distribuição de energia elétrica,35,VEDADO,,NAO,Energia/gás — verificar vedação (ex: 3513-1/00 vedado),regra
3520-4/01,3520401,Produção de gás; processamento de gás natural,35,VEDADO,,NAO,Energia/gás — verificar vedação (ex: 3513-1/00 vedado),regra
3520-4/02,3520402,Distribuição de combustíveis gasosos por redes urbanas,35,VEDADO,,NAO,Energia/gás — verificar vedação (ex: 3513-1/00 vedado),regra
3530-1/00,3530100,"Produção e distribuição de vapor, água quente e ar condicionado",35,VEDADO,,NAO,Energia/gás — verificar vedação (ex: 3513-1/00 vedado),regra
3600-6/01,3600601,"Captação, tratamento e distribuição de água",36,OPTANTE,III,NAO,Saneamento/resíduos — Anexo III,regra
3600-6/02,3600602,Distribuição de água por caminhões,36,OPTANTE,III,NAO,Saneamento/resíduos — Anexo III,regra
3701-1/00,3701100,Gestão de redes de esgoto,37,OPTANTE,III,NAO,Saneamento/resíduos — Anexo III,regra
3702-9/00,3702900,"Atividades relacionadas a esgoto, exceto a gestão de redes",37,OPTANTE,III,NAO,Saneamento/resíduos — Anexo III,regra
3811-4/00,3811400,Coleta de resíduos não perigosos,38,OPTANTE,III,NAO,Saneamento/resíduos — Anexo III,regra
3812-2/00,3812200,Coleta de resíduos perigosos,38,OPTANTE,III,NAO,Saneamento/resíduos — Anexo III,regra
3821-1/00,3821100,Tratamento e disposição de resíduos não perigosos,38,OPTANTE,III,NAO,Saneamento/resíduos — Anexo III,regra
3822-0/00,3822000,Tratamento e disposição de resíduos perigosos,38,OPTANTE,III,NAO,Saneamento/resíduos — Anexo III,regra
3831-9/01,3831901,Recuperação de sucatas de alumínio,38,OPTANTE,III,NAO,Saneamento/resíduos — Anexo III,regra
3831-9/99,3831999,"Recuperação de materiais metálicos, exceto alumínio",38,OPTANTE,III,NAO,Saneamento/resíduos — Anexo III,regra
3832-7/00,3832700,Recuperação de materiais plásticos,38,OPTANTE,III,NAO,Saneamento/resíduos — Anexo III,regra
3839-4/01,3839401,Usinas de compostagem,38,OPTANTE,III,NAO,Saneamento/resíduos — Anexo III,regra
3839-4/99,3839499,Recuperação de materiais não especificados anteriormente,38,OPTANTE,III,NAO,Saneamento/resíduos — Anexo III,regra
3900-5/00,3900500,Descontaminação e outros serviços de gestão de resíduos,39,OPTANTE,III,NAO,Saneamento/resíduos — Anexo III,regra
4110-7/00,4110700,Incorporação de empreendimentos imobiliários,41,OPTANTE,IV,NAO,Construção — Anexo IV (CPP fora do DAS),regra
4120-4/00,4120400,Construção de edifícios,41,OPTANTE,IV,NAO,Construção — Anexo IV (CPP fora do DAS),regra
4211-1/01,4211101,Construção de rodovias e ferrovias,42,OPTANTE,IV,NAO,Construção — Anexo IV (CPP fora do DAS),regra
4211-1/02,4211102,Pintura para sinalização em pistas rodoviárias e aeroportos,42,OPTANTE,IV,NAO,Construção — Anexo IV (CPP fora do DAS),regra
4212-0/00,4212000,Construção de obras de arte especiais,42,OPTANTE,IV,NAO,Construção — Anexo IV (CPP fora do DAS),regra
4213-8/00,4213800,"Obras de urbanização - ruas, praças e calçadas",42,OPTANTE,IV,NAO,Construção — Anexo IV (CPP fora do DAS),regra
4221-9/01,4221901,Construção de barragens e represas para geração de energia \nelétrica,42,OPTANTE,IV,NAO,Construção — Anexo IV (CPP fora do DAS),regra
4221-9/02,4221902,Construção de estações e redes de distribuição de energia elétrica,42,OPTANTE,IV,NAO,Construção — Anexo IV (CPP fora do DAS),regra
4221-9/03,4221903,Manutenção de redes de distribuição de energia elétrica,42,OPTANTE,IV,NAO,Construção — Anexo IV (CPP fora do DAS),regra
4221-9/04,4221904,Construção de estações e redes de telecomunicações,42,OPTANTE,IV,NAO,Construção — Anexo IV (CPP fora do DAS),regra
4221-9/05,4221905,Manutenção de estações e redes de telecomunicações,42,OPTANTE,IV,NAO,Construção — Anexo IV (CPP fora do DAS),regra
4222-7/01,4222701,"Construção de redes de abastecimento de água, coleta de esgoto e construções correlatas, exceto obras de irrigação",42,OPTANTE,IV,NAO,Construção — Anexo IV (CPP fora do DAS),regra
4222-7/02,4222702,Obras de irrigação,42,OPTANTE,IV,NAO,Construção — Anexo IV (CPP fora do DAS),regra
4223-5/00,4223500,"Construção de redes de transportes por dutos, exceto para água e esgoto",42,OPTANTE,IV,NAO,Construção — Anexo IV (CPP fora do DAS),regra
4291-0/00,4291000,"Obras portuárias, marítimas e fluviais",42,OPTANTE,IV,NAO,Construção — Anexo IV (CPP fora do DAS),regra
4292-8/01,4292801,Montagem de estruturas metálicas,42,OPTANTE,IV,NAO,Construção — Anexo IV (CPP fora do DAS),regra
4292-8/02,4292802,Obras de montagem industrial,42,OPTANTE,IV,NAO,Construção — Anexo IV (CPP fora do DAS),regra
4299-5/01,4299501,Construção de instalações esportivas e recreativas,42,OPTANTE,IV,NAO,Construção — Anexo IV (CPP fora do DAS),regra
4299-5/99,4299599,Outras obras de engenharia civil não especificadas anteriormente,42,OPTANTE,IV,NAO,Construção — Anexo IV (CPP fora do DAS),regra
4311-8/01,4311801,Demolição de edifícios e outras estruturas,43,OPTANTE,IV,NAO,Construção — Anexo IV (CPP fora do DAS),regra
4311-8/02,4311802,Preparação de canteiro e limpeza de terreno,43,OPTANTE,IV,NAO,Construção — Anexo IV (CPP fora do DAS),regra
4312-6/00,4312600,Perfurações e sondagens,43,OPTANTE,IV,NAO,Construção — Anexo IV (CPP fora do DAS),regra
4313-4/00,4313400,Obras de terraplenagem,43,OPTANTE,IV,NAO,Construção — Anexo IV (CPP fora do DAS),regra
4319-3/00,4319300,Serviços de preparação do terreno não especificados anteriormente,43,OPTANTE,IV,NAO,Construção — Anexo IV (CPP fora do DAS),regra
4321-5/00,4321500,Instalação e manutenção elétrica,43,OPTANTE,IV,NAO,Construção — Anexo IV (CPP fora do DAS),regra
4322-3/01,4322301,"Instalações hidráulicas, sanitárias e de gás",43,OPTANTE,IV,NAO,Construção — Anexo IV (CPP fora do DAS),regra
4322-3/02,4322302,"Instalação e manutenção de sistemas centrais de ar condicionado, de ventilação e refrigeração",43,OPTANTE,IV,NAO,Construção — Anexo IV (CPP fora do DAS),regra
4322-3/03,4322303,Instalações de sistema de prevenção contra incêndio,43,OPTANTE,IV,NAO,Construção — Anexo IV (CPP fora do DAS),regra
4329-1/01,4329101,Instalação de painéis publicitários,43,OPTANTE,IV,NAO,Construção — Anexo IV (CPP fora do DAS),regra
4329-1/02,4329102,"Instalação de equipamentos para orientação à navegação marítima, fluvial e lacustre",43,OPTANTE,IV,NAO,Construção — Anexo IV (CPP fora do DAS),regra
4329-1/03,4329103,"Instalação, manutenção e reparação de elevadores, escadas e esteiras rolantes",43,OPTANTE,IV,NAO,Construção — Anexo IV (CPP fora do DAS),regra
4329-1/04,4329104,"Montagem e instalação de sistemas e equipamentos de iluminação e sinalização em vias públicas, portos e aeroportos",43,OPTANTE,IV,NAO,Construção — Anexo IV (CPP fora do DAS),regra
4329-1/05,4329105,"Tratamentos térmicos, acústicos ou de vibração",43,OPTANTE,IV,NAO,Construção — Anexo IV (CPP fora do DAS),regra
4329-1/99,4329199,Outras obras de instalações em construções não especificadas anteriormente,43,OPTANTE,IV,NAO,Construção — Anexo IV (CPP fora do DAS),regra
4330-4/01,4330401,Impermeabilização em obras de engenharia civil,43,OPTANTE,III,NAO,Obras de acabamento/serviços — Anexo III,regra
4330-4/02,4330402,"Instalação de portas, janelas, tetos, divisórias e armários embutidos de qualquer material",43,OPTANTE,III,NAO,Obras de acabamento/serviços — Anexo III,regra
4330-4/03,4330403,Obras de acabamento em gesso e estuque,43,OPTANTE,III,NAO,Obras de acabamento/serviços — Anexo III,regra
4330-4/04,4330404,Serviços de pintura de edifícios em geral,43,OPTANTE,III,NAO,Obras de acabamento/serviços — Anexo III,regra
4330-4/05,4330405,Aplicação de revestimentos e de resinas em interiores e exteriores,43,OPTANTE,III,NAO,Obras de acabamento/serviços — Anexo III,regra
4330-4/99,4330499,Outras obras de acabamento da construção,43,OPTANTE,III,NAO,Obras de acabamento/serviços — Anexo III,regra
4391-6/00,4391600,Obras de fundações,43,OPTANTE,IV,NAO,Construção — Anexo IV (CPP fora do DAS),regra
4399-1/01,4399101,Administração de obras,43,OPTANTE,III,NAO,Obras de acabamento/serviços — Anexo III,regra
4399-1/02,4399102,Montagem e desmontagem de andaimes e outras estruturas temporárias,43,OPTANTE,III,NAO,Obras de acabamento/serviços — Anexo III,regra
4399-1/03,4399103,Obras de alvenaria,43,OPTANTE,III,NAO,Obras de acabamento/serviços — Anexo III,regra
4399-1/04,4399104,Serviços de operação e fornecimento de equipamentos para transporte e elevação de cargas e pessoas para uso em obras,43,OPTANTE,III,NAO,Obras de acabamento/serviços — Anexo III,regra
4399-1/05,4399105,Perfuração e construção de poços de água,43,OPTANTE,III,NAO,Obras de acabamento/serviços — Anexo III,regra
4399-1/99,4399199,Serviços especializados para construção não especificados anteriormente,43,OPTANTE,III,NAO,Obras de acabamento/serviços — Anexo III,regra
4511-1/01,4511101,"Comércio a varejo de automóveis, camionetas e utilitários novos",45,OPTANTE,I,NAO,Curadoria tabela 2026,curadoria
4511-1/02,4511102,"Comércio a varejo de automóveis, camionetas e utilitários usados",45,OPTANTE,I,NAO,Curadoria tabela 2026,curadoria
4511-1/03,4511103,"Comércio por atacado de automóveis, camionetas e utilitários novos e usados",45,OPTANTE,I,NAO,Curadoria tabela 2026,curadoria
4511-1/04,4511104,Comércio por atacado de caminhões novos e usados,45,OPTANTE,I,NAO,Comércio — Anexo I,regra
4511-1/05,4511105,Comércio por atacado de reboques e semireboques novos e usados,45,OPTANTE,I,NAO,Comércio — Anexo I,regra
4511-1/06,4511106,Comércio por atacado de ônibus e micro-ônibus novos e usados,45,OPTANTE,I,NAO,Comércio — Anexo I,regra
4512-9/01,4512901,Representantes comerciais e agentes do comércio de veículos automotores,45,AMBIGUO,V,SIM,Curadoria tabela 2026,curadoria
4512-9/02,4512902,Comércio sob consignação de veículos automotores,45,AMBIGUO,V,SIM,"Representação/intermediação — Anexo V, pode ir ao III com Fator R",regra
4520-0/01,4520001,Serviços de manutenção e reparação mecânica de veículos automotores,45,OPTANTE,I,NAO,Comércio — Anexo I,regra
4520-0/02,4520002,Serviços de lanternagem ou funilaria e pintura de veículos automotores,45,OPTANTE,I,NAO,Comércio — Anexo I,regra
4520-0/03,4520003,Serviços de manutenção e reparação elétrica de veículos automotores,45,OPTANTE,I,NAO,Comércio — Anexo I,regra
4520-0/04,4520004,Serviços de alinhamento e balanceamento de veículos automotores,45,OPTANTE,I,NAO,Comércio — Anexo I,regra
4520-0/05,4520005,"Serviços de lavagem, lubrificação e polimento de veículos automotores",45,OPTANTE,I,NAO,Comércio — Anexo I,regra
4520-0/06,4520006,Serviços de borracharia para veículos automotores,45,OPTANTE,I,NAO,Comércio — Anexo I,regra
4520-0/07,4520007,"Serviços de instalação, manutenção e reparação de acessórios para veículos automotores",45,OPTANTE,I,NAO,Comércio — Anexo I,regra
4520-0/08,4520008,Serviços de capotaria,45,OPTANTE,I,NAO,Comércio — Anexo I,regra
4530-7/01,4530701,Comércio por atacado de peças e acessórios novos para veículos automotores,45,OPTANTE,I,NAO,Comércio — Anexo I,regra
4530-7/02,4530702,Comércio por atacado de pneumáticos e câmaras-de-ar,45,OPTANTE,I,NAO,Curadoria tabela 2026,curadoria
4530-7/03,4530703,Comércio a varejo de peças e acessórios novos para veículos automotores,45,OPTANTE,I,NAO,Curadoria tabela 2026,curadoria
4530-7/04,4530704,Comércio a varejo de peças e acessórios usados para veículos automotores,45,OPTANTE,I,NAO,Curadoria tabela 2026,curadoria
4530-7/05,4530705,Comércio a varejo de pneumáticos e câmaras-de-ar,45,OPTANTE,I,NAO,Curadoria tabela 2026,curadoria
4530-7/06,4530706,Representantes comerciais e agentes do comércio de peças e acessórios novos e usados para veículos automotores,45,AMBIGUO,V,SIM,Curadoria tabela 2026,curadoria
4541-2/01,4541201,Comércio por atacado de motocicletas e motonetas,45,OPTANTE,I,NAO,Comércio — Anexo I,regra
4541-2/02,4541202,Comércio por atacado de peças e acessórios para motocicletas e motonetas,45,OPTANTE,I,NAO,Curadoria tabela 2026,curadoria
4541-2/03,4541203,Comércio a varejo de motocicletas e motonetas novas,45,OPTANTE,I,NAO,Comércio — Anexo I,regra
4541-2/04,4541204,Comércio a varejo de motocicletas e motonetas usadas,45,OPTANTE,I,NAO,Comércio — Anexo I,regra
4541-2/06,4541206,Comércio a varejo de peças e acessórios novos para motocicletas e motonetas,45,OPTANTE,I,NAO,Curadoria tabela 2026,curadoria
4541-2/07,4541207,Comércio a varejo de peças e acessórios usados para motocicletas e motonetas,45,OPTANTE,I,NAO,Curadoria tabela 2026,curadoria
4542-1/01,4542101,"Representantes comerciais e agentes do comércio de motocicletas e motonetas, peças e acessórios",45,AMBIGUO,V,SIM,Curadoria tabela 2026,curadoria
4542-1/02,4542102,Comércio sob consignação de motocicletas e motonetas,45,OPTANTE,I,NAO,Comércio — Anexo I,regra
4543-9/00,4543900,Manutenção e reparação de motocicletas e motonetas,45,OPTANTE,I,NAO,Comércio — Anexo I,regra
4611-7/00,4611700,Representantes comerciais e agentes do comércio de matérias-primas agrícolas e animais vivos,46,AMBIGUO,V,SIM,Curadoria tabela 2026,curadoria
4612-5/00,4612500,"Representantes comerciais e agentes do comércio de combustíveis, minerais, produtos siderúrgicos e químicos",46,AMBIGUO,V,SIM,Curadoria tabela 2026,curadoria
4613-3/00,4613300,"Representantes comerciais e agentes do comércio de madeira, material de construção e ferragens",46,AMBIGUO,V,SIM,Curadoria tabela 2026,curadoria
4614-1/00,4614100,"Representantes comerciais e agentes do comércio de máquinas, equipamentos, embarcações e aeronaves",46,AMBIGUO,V,SIM,Curadoria tabela 2026,curadoria
4615-0/00,4615000,"Representantes comerciais e agentes do comércio de eletrodomésticos, móveis e artigos de uso doméstico",46,AMBIGUO,V,SIM,Curadoria tabela 2026,curadoria
4616-8/00,4616800,"Representantes comerciais e agentes do comércio de têxteis, vestuário, calçados e artigos de viagem",46,AMBIGUO,V,SIM,Curadoria tabela 2026,curadoria
4617-6/00,4617600,"Representantes comerciais e agentes do comércio de produtos alimentícios, bebidas e fumo",46,AMBIGUO,V,SIM,Curadoria tabela 2026,curadoria
4618-4/01,4618401,"Representantes comerciais e agentes do comércio de medicamentos, cosméticos e produtos de perfumaria",46,AMBIGUO,V,SIM,Curadoria tabela 2026,curadoria
4618-4/02,4618402,Representantes comerciais e agentes do comércio de instrumentos e materiais odonto-médico-hospitalares,46,AMBIGUO,V,SIM,Curadoria tabela 2026,curadoria
4618-4/03,4618403,"Representantes comerciais e agentes do comércio de jornais, revistas e outras publicações",46,AMBIGUO,V,SIM,"Representação/intermediação — Anexo V, pode ir ao III com Fator R",regra
4618-4/99,4618499,Outros representantes comerciais e agentes do comércio especializado em produtos não especificados anteriormente,46,AMBIGUO,V,SIM,"Representação/intermediação — Anexo V, pode ir ao III com Fator R",regra
4619-2/00,4619200,Representantes comerciais e agentes do comércio de mercadorias em geral não especializado,46,AMBIGUO,V,SIM,Curadoria tabela 2026,curadoria
4621-4/00,4621400,Comércio atacadista de café em grão,46,OPTANTE,I,NAO,Comércio — Anexo I,regra
4622-2/00,4622200,Comércio atacadista de soja,46,OPTANTE,I,NAO,Comércio — Anexo I,regra
4623-1/01,4623101,Comércio atacadista de animais vivos,46,OPTANTE,I,NAO,Comércio — Anexo I,regra
4623-1/02,4623102,"Comércio atacadista de couros, lãs, peles e outros subprodutos não comestíveis de origem animal",46,OPTANTE,I,NAO,Comércio — Anexo I,regra
4623-1/03,4623103,Comércio atacadista de algodão,46,OPTANTE,I,NAO,Comércio — Anexo I,regra
4623-1/04,4623104,Comércio atacadista de fumo em folha não beneficiado,46,OPTANTE,I,NAO,Comércio — Anexo I,regra
4623-1/05,4623105,Comércio atacadista de cacau,46,OPTANTE,I,NAO,Comércio — Anexo I,regra
4623-1/06,4623106,"Comércio atacadista de sementes, flores, plantas e gramas",46,OPTANTE,I,NAO,Comércio — Anexo I,regra
4623-1/07,4623107,Comércio atacadista de sisal,46,OPTANTE,I,NAO,Comércio — Anexo I,regra
4623-1/08,4623108,Comércio atacadista de matérias-primas agrícolas com atividade de fracionamento e acondicionamento associada,46,OPTANTE,I,NAO,Comércio — Anexo I,regra
4623-1/09,4623109,Comércio atacadista de alimentos para animais,46,OPTANTE,I,NAO,Comércio — Anexo I,regra
4623-1/99,4623199,Comércio atacadista de matérias-primas agrícolas não especificadas anteriormente,46,OPTANTE,I,NAO,Comércio — Anexo I,regra
4631-1/00,4631100,Comércio atacadista de leite e laticínios,46,OPTANTE,I,NAO,Comércio — Anexo I,regra
4632-0/01,4632001,Comércio atacadista de cereais e leguminosas beneficiados,46,OPTANTE,I,NAO,Comércio — Anexo I,regra
4632-0/02,4632002,"Comércio atacadista de farinhas, amidos e féculas",46,OPTANTE,I,NAO,Comércio — Anexo I,regra
4632-0/03,4632003,"Comércio atacadista de cereais e leguminosas beneficiados, farinhas, amidos e féculas, com atividade de fracionamento e acondicionamento associada",46,OPTANTE,I,NAO,Comércio — Anexo I,regra
4633-8/01,4633801,"Comércio atacadista de frutas, verduras, raízes, tubérculos, hortaliças e legumes frescos",46,OPTANTE,I,NAO,Comércio — Anexo I,regra
4633-8/02,4633802,Comércio atacadista de aves vivas e ovos,46,OPTANTE,I,NAO,Comércio — Anexo I,regra
4633-8/03,4633803,Comércio atacadista de coelhos e outros pequenos animais vivos para alimentação,46,OPTANTE,I,NAO,Comércio — Anexo I,regra
4634-6/01,4634601,Comércio atacadista de carnes bovinas e suínas e derivados,46,OPTANTE,I,NAO,Comércio — Anexo I,regra
4634-6/02,4634602,Comércio atacadista de aves abatidas e derivados,46,OPTANTE,I,NAO,Comércio — Anexo I,regra
4634-6/03,4634603,Comércio atacadista de pescados e frutos do mar,46,OPTANTE,I,NAO,Comércio — Anexo I,regra
4634-6/99,4634699,Comércio atacadista de carnes e derivados de outros animais,46,OPTANTE,I,NAO,Comércio — Anexo I,regra
4635-4/01,4635401,Comércio atacadista de água mineral,46,OPTANTE,I,NAO,Comércio — Anexo I,regra
4635-4/02,4635402,"Comércio atacadista de cerveja, chope e refrigerante",46,OPTANTE,I,NAO,Comércio — Anexo I,regra
4635-4/03,4635403,Comércio atacadista de bebidas com atividade de fracionamento e acondicionamento associada,46,OPTANTE,I,NAO,Comércio — Anexo I,regra
4635-4/99,4635499,Comércio atacadista de bebidas não especificadas anteriormente,46,OPTANTE,I,NAO,Comércio — Anexo I,regra
4636-2/01,4636201,Comércio atacadista de fumo beneficiado,46,OPTANTE,I,NAO,Comércio — Anexo I,regra
4636-2/02,4636202,"Comércio atacadista de cigarros, cigarrilhas e charutos",46,OPTANTE,I,NAO,Comércio — Anexo I,regra
4637-1/01,4637101,"Comércio atacadista de café torrado, moído e solúvel",46,OPTANTE,I,NAO,Comércio — Anexo I,regra
4637-1/02,4637102,Comércio atacadista de açúcar,46,OPTANTE,I,NAO,Comércio — Anexo I,regra
4637-1/03,4637103,Comércio atacadista de óleos e gorduras,46,OPTANTE,I,NAO,Comércio — Anexo I,regra
4637-1/04,4637104,"Comércio atacadista de pães, bolos, biscoitos e similares",46,OPTANTE,I,NAO,Comércio — Anexo I,regra
4637-1/05,4637105,Comércio atacadista de massas alimentícias,46,OPTANTE,I,NAO,Comércio — Anexo I,regra
4637-1/06,4637106,Comércio atacadista de sorvetes,46,OPTANTE,I,NAO,Comércio — Anexo I,regra
4637-1/07,4637107,"Comércio atacadista de chocolates, confeitos, balas, bombons e semelhantes",46,OPTANTE,I,NAO,Comércio — Anexo I,regra
4637-1/99,4637199,Comércio atacadista especializado em outros produtos alimentícios não especificados anteriormente,46,OPTANTE,I,NAO,Comércio — Anexo I,regra
4639-7/01,4639701,Comércio atacadista de produtos alimentícios em geral,46,OPTANTE,I,NAO,Comércio — Anexo I,regra
4639-7/02,4639702,"Comércio atacadista de produtos alimentícios em geral, com atividade de fracionamento e acondicionamento associada",46,OPTANTE,I,NAO,Comércio — Anexo I,regra
4641-9/01,4641901,Comércio atacadista de tecidos,46,OPTANTE,I,NAO,Comércio — Anexo I,regra
4641-9/02,4641902,"Comércio atacadista de artigos de cama, mesa e banho",46,OPTANTE,I,NAO,Comércio — Anexo I,regra
4641-9/03,4641903,Comércio atacadista de artigos de armarinho,46,OPTANTE,I,NAO,Comércio — Anexo I,regra
4642-7/01,4642701,"Comércio atacadista de artigos do vestuário e acessórios, exceto profissionais e de segurança",46,OPTANTE,I,NAO,Comércio — Anexo I,regra
4642-7/02,4642702,Comércio atacadista de roupas e acessórios para uso profissional e de segurança do trabalho,46,OPTANTE,I,NAO,Comércio — Anexo I,regra
4643-5/01,4643501,Comércio atacadista de calçados,46,OPTANTE,I,NAO,Comércio — Anexo I,regra
4643-5/02,4643502,"Comércio atacadista de bolsas, malas e artigos de viagem",46,OPTANTE,I,NAO,Comércio — Anexo I,regra
4644-3/01,4644301,Comércio atacadista de medicamentos e drogas de uso humano,46,OPTANTE,I,NAO,Comércio — Anexo I,regra
4644-3/02,4644302,Comércio atacadista de medicamentos e drogas de uso veterinário,46,OPTANTE,I,NAO,Comércio — Anexo I,regra
4645-1/01,4645101,"Comércio atacadista de instrumentos e materiais para uso médico, cirúrgico, hospitalar e de laboratórios",46,OPTANTE,I,NAO,Comércio — Anexo I,regra
4645-1/02,4645102,Comércio atacadista de próteses e artigos de ortopedia,46,OPTANTE,I,NAO,Comércio — Anexo I,regra
4645-1/03,4645103,Comércio atacadista de produtos odontológicos,46,OPTANTE,I,NAO,Comércio — Anexo I,regra
4646-0/01,4646001,Comércio atacadista de cosméticos e produtos de perfumaria,46,OPTANTE,I,NAO,Comércio — Anexo I,regra
4646-0/02,4646002,Comércio atacadista de produtos de higiene pessoal,46,OPTANTE,I,NAO,Comércio — Anexo I,regra
4647-8/01,4647801,Comércio atacadista de artigos de escritório e de papelaria,46,OPTANTE,I,NAO,Comércio — Anexo I,regra
4647-8/02,4647802,"Comércio atacadista de livros, jornais e outras publicações",46,OPTANTE,I,NAO,Comércio — Anexo I,regra
4649-4/01,4649401,Comércio atacadista de equipamentos elétricos de uso pessoal e doméstico,46,OPTANTE,I,NAO,Comércio — Anexo I,regra
4649-4/02,4649402,Comércio atacadista de aparelhos eletrônicos de uso pessoal e doméstico,46,OPTANTE,I,NAO,Comércio — Anexo I,regra
4649-4/03,4649403,"Comércio atacadista de bicicletas, triciclos e outros veículos recreativos",46,OPTANTE,I,NAO,Comércio — Anexo I,regra
4649-4/04,4649404,Comércio atacadista de móveis e artigos de colchoaria,46,OPTANTE,I,NAO,Comércio — Anexo I,regra
4649-4/05,4649405,Comércio atacadista de artigos de tapeçaria; persianas e cortinas,46,OPTANTE,I,NAO,Comércio — Anexo I,regra
4649-4/06,4649406,"Comércio atacadista de lustres, luminárias e abajures",46,OPTANTE,I,NAO,Comércio — Anexo I,regra
4649-4/07,4649407,"Comércio atacadista de filmes, CDs, DVDs, fitas e discos",46,OPTANTE,I,NAO,Comércio — Anexo I,regra
4649-4/08,4649408,"Comércio atacadista de produtos de higiene, limpeza e conservação domiciliar",46,OPTANTE,I,NAO,Comércio — Anexo I,regra
4649-4/09,4649409,"Comércio atacadista de produtos de higiene, limpeza e conservação domiciliar, com atividade de fracionamento e acondicionamento associada",46,OPTANTE,I,NAO,Comércio — Anexo I,regra
4649-4/10,4649410,"Comércio atacadista de jóias, relógios e bijuterias, inclusive pedras preciosas e semipreciosas lapidadas",46,OPTANTE,I,NAO,Comércio — Anexo I,regra
4649-4/99,4649499,Comércio atacadista de outros equipamentos e artigos de uso pessoal e doméstico não especificados anteriormente,46,OPTANTE,I,NAO,Comércio — Anexo I,regra
4651-6/01,4651601,Comércio atacadista de equipamentos de informática,46,OPTANTE,I,NAO,Comércio — Anexo I,regra
4651-6/02,4651602,Comércio atacadista de suprimentos para informática,46,OPTANTE,I,NAO,Comércio — Anexo I,regra
4652-4/00,4652400,Comércio atacadista de componentes eletrônicos e equipamentos de telefonia e comunicação,46,OPTANTE,I,NAO,Comércio — Anexo I,regra
4661-3/00,4661300,"Comércio atacadista de máquinas, aparelhos e equipamentos para uso agropecuário; partes e peças",46,OPTANTE,I,NAO,Comércio — Anexo I,regra
4662-1/00,4662100,"Comércio atacadista de máquinas, equipamentos para terraplenagem, mineração e construção; partes e peças",46,OPTANTE,I,NAO,Comércio — Anexo I,regra
4663-0/00,4663000,Comércio atacadista de máquinas e equipamentos para uso industrial; partes e peças,46,OPTANTE,I,NAO,Comércio — Anexo I,regra
4664-8/00,4664800,"Comércio atacadista de máquinas, aparelhos e equipamentos para uso odonto-médico-hospitalar; partes e peças",46,OPTANTE,I,NAO,Comércio — Anexo I,regra
4665-6/00,4665600,Comércio atacadista de máquinas e equipamentos para uso comercial; partes e peças,46,OPTANTE,I,NAO,Comércio — Anexo I,regra
4669-9/01,4669901,Comércio atacadista de bombas e compressores; partes e peças,46,OPTANTE,I,NAO,Comércio — Anexo I,regra
4669-9/99,4669999,Comércio atacadista de outras máquinas e equipamentos não especificados anteriormente; partes e peças,46,OPTANTE,I,NAO,Comércio — Anexo I,regra
4671-1/00,4671100,Comércio atacadista de madeira e produtos derivados,46,OPTANTE,I,NAO,Comércio — Anexo I,regra
4672-9/00,4672900,Comércio atacadista de ferragens e ferramentas,46,OPTANTE,I,NAO,Comércio — Anexo I,regra
4673-7/00,4673700,Comércio atacadista de material elétrico,46,OPTANTE,I,NAO,Comércio — Anexo I,regra
4674-5/00,4674500,Comércio atacadista de cimento,46,OPTANTE,I,NAO,Comércio — Anexo I,regra
4679-6/01,4679601,"Comércio atacadista de tintas, vernizes e similares",46,OPTANTE,I,NAO,Comércio — Anexo I,regra
4679-6/02,4679602,Comércio atacadista de mármores e granitos,46,OPTANTE,I,NAO,Comércio — Anexo I,regra
4679-6/03,4679603,"Comércio atacadista de vidros, espelhos e vitrais",46,OPTANTE,I,NAO,Comércio — Anexo I,regra
4679-6/04,4679604,Comércio atacadista especializado de materiais de construção não especificados anteriormente,46,OPTANTE,I,NAO,Comércio — Anexo I,regra
4679-6/99,4679699,Comércio atacadista de materiais de construção em geral,46,OPTANTE,I,NAO,Comércio — Anexo I,regra
4681-8/01,4681801,"Comércio atacadista de álcool carburante, biodiesel, gasolina e demais derivados de petróleo, exceto lubrificantes, não realizado por transportador retalhista (TRR)",46,OPTANTE,I,NAO,Comércio — Anexo I,regra
4681-8/02,4681802,Comércio atacadista de combustíveis realizado por transportador retalhista (TRR),46,OPTANTE,I,NAO,Comércio — Anexo I,regra
4681-8/03,4681803,"Comércio atacadista de combustíveis de origem vegetal, exceto álcool carburante",46,OPTANTE,I,NAO,Comércio — Anexo I,regra
4681-8/04,4681804,Comércio atacadista de combustíveis de origem mineral em bruto,46,OPTANTE,I,NAO,Comércio — Anexo I,regra
4681-8/05,4681805,Comércio atacadista de lubrificantes,46,OPTANTE,I,NAO,Comércio — Anexo I,regra
4682-6/00,4682600,Comércio atacadista de gás liquefeito de petróleo (GLP),46,OPTANTE,I,NAO,Comércio — Anexo I,regra
4683-4/00,4683400,"Comércio atacadista de defensivos agrícolas, adubos, fertilizantes e corretivos do solo",46,OPTANTE,I,NAO,Comércio — Anexo I,regra
4684-2/01,4684201,Comércio atacadista de resinas e elastômeros,46,OPTANTE,I,NAO,Comércio — Anexo I,regra
4684-2/02,4684202,Comércio atacadista de solventes,46,OPTANTE,I,NAO,Comércio — Anexo I,regra
4684-2/99,4684299,Comércio atacadista de outros produtos químicos e petroquímicos não especificados anteriormente,46,OPTANTE,I,NAO,Comércio — Anexo I,regra
4685-1/00,4685100,"Comércio atacadista de produtos siderúrgicos e metalúrgicos, exceto para construção",46,OPTANTE,I,NAO,Comércio — Anexo I,regra
4686-9/01,4686901,Comércio atacadista de papel e papelão em bruto,46,OPTANTE,I,NAO,Comércio — Anexo I,regra
4686-9/02,4686902,Comércio atacadista de embalagens,46,OPTANTE,I,NAO,Comércio — Anexo I,regra
4687-7/01,4687701,Comércio atacadista de resíduos de papel e papelão,46,OPTANTE,I,NAO,Comércio — Anexo I,regra
4687-7/02,4687702,"Comércio atacadista de resíduos e sucatas não metálicos, exceto de papel e papelão",46,OPTANTE,I,NAO,Comércio — Anexo I,regra
4687-7/03,4687703,Comércio atacadista de resíduos e sucatas metálicos,46,OPTANTE,I,NAO,Comércio — Anexo I,regra
4689-3/01,4689301,"Comércio atacadista de produtos da extração mineral, exceto combustíveis",46,OPTANTE,I,NAO,Comércio — Anexo I,regra
4689-3/02,4689302,Comércio atacadista de fios e fibras beneficiados,46,OPTANTE,I,NAO,Comércio — Anexo I,regra
4689-3/99,4689399,Comércio atacadista especializado em outros produtos intermediários não especificados anteriormente,46,OPTANTE,I,NAO,Comércio — Anexo I,regra
4691-5/00,4691500,"Comércio atacadista de mercadorias em geral, com predominância de produtos alimentícios",46,OPTANTE,I,NAO,Comércio — Anexo I,regra
4692-3/00,4692300,"Comércio atacadista de mercadorias em geral, com predominância de insumos agropecuários",46,OPTANTE,I,NAO,Comércio — Anexo I,regra
4693-1/00,4693100,"Comércio atacadista de mercadorias em geral, sem predominância de alimentos ou de insumos agropecuários",46,OPTANTE,I,NAO,Comércio — Anexo I,regra
4711-3/01,4711301,"Comércio varejista de mercadorias em geral, com predominância de produtos alimentícios - hipermercados",47,OPTANTE,I,NAO,Curadoria tabela 2026,curadoria
4711-3/02,4711302,"Comércio varejista de mercadorias em geral, com predominância de produtos alimentícios - supermercados",47,OPTANTE,I,NAO,Curadoria tabela 2026,curadoria
4712-1/00,4712100,"Comércio varejista de mercadorias em geral, com predominância de produtos alimentícios - minimercados, mercearias e armazéns",47,OPTANTE,I,NAO,Comércio — Anexo I,regra
4713-0/02,4713002,"Lojas de variedades, exceto lojas de departamentos ou magazines",47,OPTANTE,I,NAO,Comércio — Anexo I,regra
4713-0/04,4713004,"Lojas de departamentos ou magazines, exceto lojas francas (Duty free)",47,OPTANTE,I,NAO,Comércio — Anexo I,regra
4713-0/05,4713005,"Lojas francas (Duty Free) de aeroportos, portos e em fronteiras terrestres",47,OPTANTE,I,NAO,Comércio — Anexo I,regra
4721-1/02,4721102,Padaria e confeitaria com predominância de revenda,47,OPTANTE,I,NAO,Curadoria tabela 2026,curadoria
4721-1/03,4721103,Comércio varejista de laticínios e frios,47,OPTANTE,I,NAO,Comércio — Anexo I,regra
4721-1/04,4721104,"Comércio varejista de doces, balas, bombons e semelhantes",47,OPTANTE,I,NAO,Comércio — Anexo I,regra
4722-9/01,4722901,Comércio varejista de carnes - açougues,47,OPTANTE,I,NAO,Comércio — Anexo I,regra
4722-9/02,4722902,Peixaria,47,OPTANTE,I,NAO,Comércio — Anexo I,regra
4723-7/00,4723700,Comércio varejista de bebidas,47,OPTANTE,I,NAO,Curadoria tabela 2026,curadoria
4724-5/00,4724500,Comércio varejista de hortifrutigranjeiros,47,OPTANTE,I,NAO,Comércio — Anexo I,regra
4729-6/01,4729601,Tabacaria,47,OPTANTE,I,NAO,Comércio — Anexo I,regra
4729-6/02,4729602,Comércio varejista de mercadorias em lojas de conveniência,47,OPTANTE,I,NAO,Comércio — Anexo I,regra
4729-6/99,4729699,Comércio varejista de produtos alimentícios em geral ou especializado em produtos alimentícios não especificados anteriormente,47,OPTANTE,I,NAO,Comércio — Anexo I,regra
4731-8/00,4731800,Comércio varejista de combustíveis para veículos automotores,47,OPTANTE,I,NAO,Comércio — Anexo I,regra
4732-6/00,4732600,Comércio varejista de lubrificantes,47,OPTANTE,I,NAO,Comércio — Anexo I,regra
4741-5/00,4741500,Comércio varejista de tintas e materiais para pintura,47,OPTANTE,I,NAO,Comércio — Anexo I,regra
4742-3/00,4742300,Comércio varejista de material elétrico,47,OPTANTE,I,NAO,Comércio — Anexo I,regra
4743-1/00,4743100,Comércio varejista de vidros,47,OPTANTE,I,NAO,Comércio — Anexo I,regra
4744-0/01,4744001,Comércio varejista de ferragens e ferramentas,47,OPTANTE,I,NAO,Comércio — Anexo I,regra
4744-0/02,4744002,Comércio varejista de madeira e artefatos,47,OPTANTE,I,NAO,Comércio — Anexo I,regra
4744-0/03,4744003,Comércio varejista de materiais hidráulicos,47,OPTANTE,I,NAO,Comércio — Anexo I,regra
4744-0/04,4744004,"Comércio varejista de cal, areia, pedra britada, tijolos e telhas",47,OPTANTE,I,NAO,Comércio — Anexo I,regra
4744-0/05,4744005,Comércio varejista de materiais de construção não especificados anteriormente,47,OPTANTE,I,NAO,Comércio — Anexo I,regra
4744-0/06,4744006,Comércio varejista de pedras para revestimento,47,OPTANTE,I,NAO,Comércio — Anexo I,regra
4744-0/99,4744099,Comércio varejista de materiais de construção em geral,47,OPTANTE,I,NAO,Comércio — Anexo I,regra
4751-2/01,4751201,Comércio varejista especializado de equipamentos e suprimentos de informática,47,OPTANTE,I,NAO,Curadoria tabela 2026,curadoria
4751-2/02,4751202,Recarga de cartuchos para equipamentos de informática,47,OPTANTE,III,NAO,Curadoria tabela 2026,curadoria
4752-1/00,4752100,Comércio varejista especializado de equipamentos de telefonia e comunicação,47,OPTANTE,I,NAO,Comércio — Anexo I,regra
4753-9/00,4753900,Comércio varejista especializado de eletrodomésticos e equipamentos de áudio e vídeo,47,OPTANTE,I,NAO,Comércio — Anexo I,regra
4754-7/01,4754701,Comércio varejista de móveis,47,OPTANTE,I,NAO,Comércio — Anexo I,regra
4754-7/02,4754702,Comércio varejista de artigos de colchoaria,47,OPTANTE,I,NAO,Comércio — Anexo I,regra
4754-7/03,4754703,Comércio varejista de artigos de iluminação,47,OPTANTE,I,NAO,Comércio — Anexo I,regra
4755-5/01,4755501,Comércio varejista de tecidos,47,OPTANTE,I,NAO,Comércio — Anexo I,regra
4755-5/02,4755502,Comercio varejista de artigos de armarinho,47,OPTANTE,I,NAO,Comércio — Anexo I,regra
4755-5/03,4755503,"Comercio varejista de artigos de cama, mesa e banho",47,OPTANTE,I,NAO,Comércio — Anexo I,regra
4756-3/00,4756300,Comércio varejista especializado de instrumentos musicais e acessórios,47,OPTANTE,I,NAO,Comércio — Anexo I,regra
4757-1/00,4757100,"Comércio varejista especializado de peças e acessórios para aparelhos eletroeletrônicos para uso doméstico, exceto informática e comunicação",47,OPTANTE,I,NAO,Comércio — Anexo I,regra
4759-8/01,4759801,"Comércio varejista de artigos de tapeçaria, cortinas e persianas",47,OPTANTE,I,NAO,Comércio — Anexo I,regra
4759-8/99,4759899,Comércio varejista de outros artigos de uso doméstico não especificados anteriormente,47,OPTANTE,I,NAO,Comércio — Anexo I,regra
4761-0/01,4761001,Comércio varejista de livros,47,OPTANTE,I,NAO,Comércio — Anexo I,regra
4761-0/02,4761002,Comércio varejista de jornais e revistas,47,OPTANTE,I,NAO,Comércio — Anexo I,regra
4761-0/03,4761003,Comércio varejista de artigos de papelaria,47,OPTANTE,I,NAO,Comércio — Anexo I,regra
4762-8/00,4762800,"Comércio varejista de discos, CDs, DVDs e fitas",47,OPTANTE,I,NAO,Comércio — Anexo I,regra
4763-6/01,4763601,Comércio varejista de brinquedos e artigos recreativos,47,OPTANTE,I,NAO,Comércio — Anexo I,regra
4763-6/02,4763602,Comércio varejista de artigos esportivos,47,OPTANTE,I,NAO,Comércio — Anexo I,regra
4763-6/03,4763603,Comércio varejista de bicicletas e triciclos; peças e acessórios,47,OPTANTE,I,NAO,Comércio — Anexo I,regra
4763-6/04,4763604,"Comércio varejista de artigos de caça, pesca e camping",47,OPTANTE,I,NAO,Comércio — Anexo I,regra
4763-6/05,4763605,Comércio varejista de embarcações e outros veículos recreativos; peças e acessórios,47,OPTANTE,I,NAO,Comércio — Anexo I,regra
4771-7/01,4771701,"Comércio varejista de produtos farmacêuticos, sem manipulação de fórmulas",47,OPTANTE,I,NAO,Comércio — Anexo I,regra
4771-7/02,4771702,"Comércio varejista de produtos farmacêuticos, com manipulação de fórmulas",47,OPTANTE,I,NAO,Comércio — Anexo I,regra
4771-7/03,4771703,Comércio varejista de produtos farmacêuticos homeopáticos,47,OPTANTE,I,NAO,Comércio — Anexo I,regra
4771-7/04,4771704,Comércio varejista de medicamentos veterinários,47,OPTANTE,I,NAO,Comércio — Anexo I,regra
4772-5/00,4772500,"Comércio varejista de cosméticos, produtos de perfumaria e de higiene pessoal",47,OPTANTE,I,NAO,Comércio — Anexo I,regra
4773-3/00,4773300,Comércio varejista de artigos médicos e ortopédicos,47,OPTANTE,I,NAO,Comércio — Anexo I,regra
4774-1/00,4774100,Comércio varejista de artigos de óptica,47,OPTANTE,I,NAO,Comércio — Anexo I,regra
4781-4/00,4781400,Comércio varejista de artigos do vestuário e acessórios,47,OPTANTE,I,NAO,Comércio — Anexo I,regra
4782-2/01,4782201,Comércio varejista de calçados,47,OPTANTE,I,NAO,Comércio — Anexo I,regra
4782-2/02,4782202,Comércio varejista de artigos de viagem,47,OPTANTE,I,NAO,Comércio — Anexo I,regra
4783-1/01,4783101,Comércio varejista de artigos de joalheria,47,OPTANTE,I,NAO,Comércio — Anexo I,regra
4783-1/02,4783102,Comércio varejista de artigos de relojoaria,47,OPTANTE,I,NAO,Comércio — Anexo I,regra
4784-9/00,4784900,Comércio varejista de gás liqüefeito de petróleo (GLP),47,OPTANTE,I,NAO,Comércio — Anexo I,regra
4785-7/01,4785701,Comércio varejista de antiguidades,47,OPTANTE,I,NAO,Comércio — Anexo I,regra
4785-7/99,4785799,Comércio varejista de outros artigos usados,47,OPTANTE,I,NAO,Comércio — Anexo I,regra
4789-0/01,4789001,"Comércio varejista de suvenires, bijuterias e artesanatos",47,OPTANTE,I,NAO,Comércio — Anexo I,regra
4789-0/02,4789002,Comércio varejista de plantas e flores naturais,47,OPTANTE,I,NAO,Comércio — Anexo I,regra
4789-0/03,4789003,Comércio varejista de objetos de arte,47,OPTANTE,I,NAO,Comércio — Anexo I,regra
4789-0/04,4789004,Comércio varejista de animais vivos e de artigos e alimentos para animais de estimação,47,OPTANTE,I,NAO,Comércio — Anexo I,regra
4789-0/05,4789005,Comércio varejista de produtos saneantes domissanitários,47,OPTANTE,I,NAO,Comércio — Anexo I,regra
4789-0/06,4789006,Comércio varejista de fogos de artifício e artigos pirotécnicos,47,OPTANTE,I,NAO,Comércio — Anexo I,regra
4789-0/07,4789007,Comércio varejista de equipamentos para escritório,47,OPTANTE,I,NAO,Comércio — Anexo I,regra
4789-0/08,4789008,Comércio varejista de artigos fotográficos e para filmagem,47,OPTANTE,I,NAO,Comércio — Anexo I,regra
4789-0/09,4789009,Comércio varejista de armas e munições,47,OPTANTE,I,NAO,Comércio — Anexo I,regra
4789-0/99,4789099,Comércio varejista de outros produtos não especificados anteriormente,47,OPTANTE,I,NAO,Comércio — Anexo I,regra
4911-6/00,4911600,Transporte ferroviário de carga,49,OPTANTE,III,NAO,Transporte municipal/cargas/logística — Anexo III,regra
4912-4/01,4912401,Transporte ferroviário de passageiros intermunicipal e interestadual,49,VEDADO,,NAO,Transporte intermunicipal/interestadual/internacional de passageiros — vedado,regra
4912-4/02,4912402,Transporte ferroviário de passageiros municipal e em região metropolitana,49,OPTANTE,III,NAO,Transporte municipal/cargas/logística — Anexo III,regra
4912-4/03,4912403,Transporte metroviário,49,OPTANTE,III,NAO,Transporte municipal/cargas/logística — Anexo III,regra
4921-3/01,4921301,"Transporte rodoviário coletivo de passageiros, com itinerário fixo, municipal",49,OPTANTE,III,NAO,Transporte municipal/cargas/logística — Anexo III,regra
4921-3/02,4921302,"Transporte rodoviário coletivo de passageiros, com itinerário fixo, intermunicipal em região metropolitana",49,VEDADO,,NAO,Transporte intermunicipal/interestadual/internacional de passageiros — vedado,regra
4922-1/01,4922101,"Transporte rodoviário coletivo de passageiros, com itinerário fixo, intermunicipal, exceto em região metropolitana",49,VEDADO,,NAO,Transporte intermunicipal/interestadual/internacional de passageiros — vedado,regra
4922-1/02,4922102,"Transporte rodoviário coletivo de passageiros, com itinerário fixo, interestadual",49,VEDADO,,NAO,Transporte intermunicipal/interestadual/internacional de passageiros — vedado,regra
4922-1/03,4922103,"Transporte rodoviário coletivo de passageiros, com itinerário fixo, internacional",49,VEDADO,,NAO,Transporte intermunicipal/interestadual/internacional de passageiros — vedado,regra
4923-0/01,4923001,Serviço de táxi,49,OPTANTE,III,NAO,Transporte municipal/cargas/logística — Anexo III,regra
4923-0/02,4923002,Serviço de transporte de passageiros - locação de automóveis com motorista,49,OPTANTE,III,NAO,Transporte municipal/cargas/logística — Anexo III,regra
4924-8/00,4924800,Transporte escolar,49,OPTANTE,III,NAO,Transporte municipal/cargas/logística — Anexo III,regra
4929-9/01,4929901,"Transporte rodoviário coletivo de passageiros, sob regime de fretamento, municipal",49,OPTANTE,III,NAO,Transporte municipal/cargas/logística — Anexo III,regra
4929-9/02,4929902,"Transporte rodoviário coletivo de passageiros, sob regime de fretamento, intermunicipal, interestadual e internacional",49,VEDADO,,NAO,Transporte intermunicipal/interestadual/internacional de passageiros — vedado,regra
4929-9/03,4929903,"Organização de excursões em veículos rodoviários próprios, municipal",49,OPTANTE,III,NAO,Transporte municipal/cargas/logística — Anexo III,regra
4929-9/04,4929904,"Organização de excursões em veículos rodoviários próprios, intermunicipal, interestadual e internacional",49,OPTANTE,III,NAO,Transporte municipal/cargas/logística — Anexo III,regra
4929-9/99,4929999,Outros transportes rodoviários de passageiros não especificados anteriormente,49,OPTANTE,III,NAO,Transporte municipal/cargas/logística — Anexo III,regra
4930-2/01,4930201,"Transporte rodoviário de carga, exceto produtos perigosos e mudanças, municipal",49,OPTANTE,III,NAO,Transporte municipal/cargas/logística — Anexo III,regra
4930-2/02,4930202,"Transporte rodoviário de carga, exceto produtos perigosos e mudanças, intermunicipal, interestadual e internacional",49,OPTANTE,III,NAO,Transporte municipal/cargas/logística — Anexo III,regra
4930-2/03,4930203,Transporte rodoviário de produtos perigosos,49,OPTANTE,III,NAO,Transporte municipal/cargas/logística — Anexo III,regra
4930-2/04,4930204,Transporte rodoviário de mudanças,49,OPTANTE,III,NAO,Transporte municipal/cargas/logística — Anexo III,regra
4940-0/00,4940000,Transporte dutoviário,49,OPTANTE,III,NAO,Transporte municipal/cargas/logística — Anexo III,regra
4950-7/00,4950700,"Trens turísticos, teleféricos e similares",49,OPTANTE,III,NAO,Transporte municipal/cargas/logística — Anexo III,regra
5011-4/01,5011401,Transporte marítimo de cabotagem - Carga,50,OPTANTE,III,NAO,Transporte municipal/cargas/logística — Anexo III,regra
5011-4/02,5011402,Transporte marítimo de cabotagem - Passageiros,50,OPTANTE,III,NAO,Transporte municipal/cargas/logística — Anexo III,regra
5012-2/01,5012201,Transporte marítimo de longo curso - Carga,50,OPTANTE,III,NAO,Transporte municipal/cargas/logística — Anexo III,regra
5012-2/02,5012202,Transporte marítimo de longo curso - Passageiros,50,OPTANTE,III,NAO,Transporte municipal/cargas/logística — Anexo III,regra
5021-1/01,5021101,"Transporte por navegação interior de carga, municipal, exceto travessia",50,OPTANTE,III,NAO,Transporte municipal/cargas/logística — Anexo III,regra
5021-1/02,5021102,"Transporte por navegação interior de carga, intermunicipal, interestadual e internacional, exceto travessia",50,OPTANTE,III,NAO,Transporte municipal/cargas/logística — Anexo III,regra
5022-0/01,5022001,"Transporte por navegação interior de passageiros em linhas regulares, municipal, exceto travessia",50,OPTANTE,III,NAO,Transporte municipal/cargas/logística — Anexo III,regra
5022-0/02,5022002,"Transporte por navegação interior de passageiros em linhas regulares, intermunicipal, interestadual e internacional, exceto travessia",50,VEDADO,,NAO,Transporte intermunicipal/interestadual/internacional de passageiros — vedado,regra
5030-1/01,5030101,Navegação de apoio marítimo,50,OPTANTE,III,NAO,Transporte municipal/cargas/logística — Anexo III,regra
5030-1/02,5030102,Navegação de apoio portuário,50,OPTANTE,III,NAO,Transporte municipal/cargas/logística — Anexo III,regra
5030-1/03,5030103,Serviço de rebocadores e empurradores,50,OPTANTE,III,NAO,Transporte municipal/cargas/logística — Anexo III,regra
5091-2/01,5091201,"Transporte por navegação de travessia, municipal",50,OPTANTE,III,NAO,Transporte municipal/cargas/logística — Anexo III,regra
5091-2/02,5091202,"Transporte por navegação de travessia, intermunicipal, interestadual e internacional",50,OPTANTE,III,NAO,Transporte municipal/cargas/logística — Anexo III,regra
5099-8/01,5099801,Transporte aquaviário para passeios turísticos,50,OPTANTE,III,NAO,Transporte municipal/cargas/logística — Anexo III,regra
5099-8/99,5099899,Outros transportes aquaviários não especificados anteriormente,50,OPTANTE,III,NAO,Transporte municipal/cargas/logística — Anexo III,regra
5111-1/00,5111100,Transporte aéreo de passageiros regular,51,OPTANTE,III,NAO,Transporte municipal/cargas/logística — Anexo III,regra
5112-9/01,5112901,Serviço de táxi aéreo e locação de aeronaves com tripulação,51,OPTANTE,III,NAO,Transporte municipal/cargas/logística — Anexo III,regra
5112-9/99,5112999,Outros serviços de transporte aéreo de passageiros não regular,51,OPTANTE,III,NAO,Transporte municipal/cargas/logística — Anexo III,regra
5120-0/00,5120000,Transporte aéreo de carga,51,OPTANTE,III,NAO,Transporte municipal/cargas/logística — Anexo III,regra
5130-7/00,5130700,Transporte espacial,51,OPTANTE,III,NAO,Transporte municipal/cargas/logística — Anexo III,regra
5211-7/01,5211701,Armazéns gerais - emissão de warrant,52,OPTANTE,III,NAO,Transporte municipal/cargas/logística — Anexo III,regra
5211-7/02,5211702,Guarda-móveis,52,OPTANTE,III,NAO,Transporte municipal/cargas/logística — Anexo III,regra
5211-7/99,5211799,"Depósitos de mercadorias para terceiros, exceto armazéns gerais e guarda-móveis",52,OPTANTE,III,NAO,Transporte municipal/cargas/logística — Anexo III,regra
5212-5/00,5212500,Carga e descarga,52,OPTANTE,III,NAO,Transporte municipal/cargas/logística — Anexo III,regra
5221-4/00,5221400,"Concessionárias de rodovias, pontes, túneis e serviços relacionados",52,OPTANTE,III,NAO,Transporte municipal/cargas/logística — Anexo III,regra
5222-2/00,5222200,Terminais rodoviários e ferroviários,52,OPTANTE,III,NAO,Transporte municipal/cargas/logística — Anexo III,regra
5223-1/00,5223100,Estacionamento de veículos,52,OPTANTE,III,NAO,Transporte municipal/cargas/logística — Anexo III,regra
5229-0/01,5229001,"Serviços de apoio ao transporte por táxi, inclusive centrais de chamada",52,OPTANTE,III,NAO,Transporte municipal/cargas/logística — Anexo III,regra
5229-0/02,5229002,Serviços de reboque de veículos,52,OPTANTE,III,NAO,Transporte municipal/cargas/logística — Anexo III,regra
5229-0/99,5229099,Outras atividades auxiliares dos transportes terrestres não especificadas anteriormente,52,OPTANTE,III,NAO,Transporte municipal/cargas/logística — Anexo III,regra
5231-1/01,5231101,Administração da infraestrutura portuária,52,OPTANTE,III,NAO,Transporte municipal/cargas/logística — Anexo III,regra
5231-1/02,5231102,Atividades do Operador Portuário,52,OPTANTE,III,NAO,Transporte municipal/cargas/logística — Anexo III,regra
5231-1/03,5231103,Gestão de terminais aquaviários,52,OPTANTE,III,NAO,Transporte municipal/cargas/logística — Anexo III,regra
5232-0/00,5232000,Atividades de agenciamento marítimo,52,OPTANTE,III,NAO,Transporte municipal/cargas/logística — Anexo III,regra
5239-7/01,5239701,Serviços de praticagem,52,OPTANTE,III,NAO,Transporte municipal/cargas/logística — Anexo III,regra
5239-7/99,5239799,Atividades auxiliares dos transportes aquaviários não especificadas anteriormente,52,OPTANTE,III,NAO,Transporte municipal/cargas/logística — Anexo III,regra
5240-1/01,5240101,Operação dos aeroportos e campos de aterrissagem,52,OPTANTE,III,NAO,Transporte municipal/cargas/logística — Anexo III,regra
5240-1/99,5240199,"Atividades auxiliares dos transportes aéreos, exceto operação dos aeroportos e campos de aterrissagem",52,OPTANTE,III,NAO,Transporte municipal/cargas/logística — Anexo III,regra
5250-8/01,5250801,Comissaria de despachos,52,OPTANTE,III,NAO,Transporte municipal/cargas/logística — Anexo III,regra
5250-8/02,5250802,Atividades de despachantes aduaneiros,52,OPTANTE,III,NAO,Transporte municipal/cargas/logística — Anexo III,regra
5250-8/03,5250803,"Agenciamento de cargas, exceto para o transporte marítimo",52,OPTANTE,III,NAO,Transporte municipal/cargas/logística — Anexo III,regra
5250-8/04,5250804,Organização logística do transporte de carga,52,OPTANTE,III,NAO,Transporte municipal/cargas/logística — Anexo III,regra
5250-8/05,5250805,Operador de transporte multimodal - OTM,52,OPTANTE,III,NAO,Transporte municipal/cargas/logística — Anexo III,regra
5310-5/01,5310501,Atividades do Correio Nacional,53,OPTANTE,III,NAO,Transporte municipal/cargas/logística — Anexo III,regra
5310-5/02,5310502,Atividades de franqueadas e permissionárias do Correio Nacional,53,OPTANTE,III,NAO,Transporte municipal/cargas/logística — Anexo III,regra
5320-2/01,5320201,Serviços de malote não realizados pelo Correio Nacional,53,OPTANTE,III,NAO,Transporte municipal/cargas/logística — Anexo III,regra
5320-2/02,5320202,Serviços de entrega rápida,53,OPTANTE,III,NAO,Transporte municipal/cargas/logística — Anexo III,regra
5510-8/01,5510801,Hotéis,55,OPTANTE,III,NAO,Alojamento — Anexo III,regra
5510-8/02,5510802,Apart-hotéis,55,OPTANTE,III,NAO,Alojamento — Anexo III,regra
5510-8/03,5510803,Motéis,55,OPTANTE,III,NAO,Alojamento — Anexo III,regra
5590-6/01,5590601,"Albergues, exceto assistenciais",55,OPTANTE,III,NAO,Alojamento — Anexo III,regra
5590-6/02,5590602,Campings,55,OPTANTE,III,NAO,Alojamento — Anexo III,regra
5590-6/03,5590603,Pensões (alojamento),55,OPTANTE,III,NAO,Alojamento — Anexo III,regra
5590-6/99,5590699,Outros alojamentos não especificados anteriormente,55,OPTANTE,III,NAO,Alojamento — Anexo III,regra
5611-2/01,5611201,Restaurantes e similares,56,OPTANTE,I,NAO,Curadoria tabela 2026,curadoria
5611-2/03,5611203,"Lanchonetes, casas de chá, de sucos e similares",56,OPTANTE,I,NAO,Curadoria tabela 2026,curadoria
5611-2/04,5611204,"Bares e outros estabelecimentos especializados em servir bebidas, sem entretenimento",56,OPTANTE,I,NAO,Curadoria tabela 2026,curadoria
5611-2/05,5611205,"Bares e outros estabelecimentos especializados em servir bebidas, com entretenimento",56,OPTANTE,I,NAO,Alimentação (bares/restaurantes) — Anexo I,regra
5612-1/00,5612100,Serviços ambulantes de alimentação,56,OPTANTE,I,NAO,Alimentação (bares/restaurantes) — Anexo I,regra
5620-1/01,5620101,Fornecimento de alimentos preparados preponderantemente para empresas,56,OPTANTE,I,NAO,Alimentação (bares/restaurantes) — Anexo I,regra
5620-1/02,5620102,Serviços de alimentação para eventos e recepções - bufê,56,OPTANTE,III,NAO,Curadoria tabela 2026,curadoria
5620-1/03,5620103,Cantinas - serviços de alimentação privativos,56,OPTANTE,I,NAO,Alimentação (bares/restaurantes) — Anexo I,regra
5620-1/04,5620104,Fornecimento de alimentos preparados preponderantemente para consumo domiciliar,56,OPTANTE,I,NAO,Alimentação (bares/restaurantes) — Anexo I,regra
5811-5/00,5811500,Edição de livros,58,OPTANTE,III,NAO,Curadoria tabela 2026,curadoria
5812-3/01,5812301,Edição de jornais diários,58,OPTANTE,III,NAO,Comunicação/TI operacional — Anexo III,regra
5812-3/02,5812302,Edição de jornais não diários,58,OPTANTE,III,NAO,Comunicação/TI operacional — Anexo III,regra
5813-1/00,5813100,Edição de revistas,58,OPTANTE,III,NAO,Comunicação/TI operacional — Anexo III,regra
5819-1/00,5819100,"Edição de cadastros, listas e outros produtos gráficos",58,OPTANTE,III,NAO,Comunicação/TI operacional — Anexo III,regra
5821-2/00,5821200,Edição integrada à impressão de livros,58,AMBIGUO,V,SIM,Curadoria tabela 2026,curadoria
5822-1/01,5822101,Edição integrada à impressão de jornais diários,58,OPTANTE,III,NAO,Comunicação/TI operacional — Anexo III,regra
5822-1/02,5822102,Edição integrada à impressão de jornais não diários,58,OPTANTE,III,NAO,Comunicação/TI operacional — Anexo III,regra
5823-9/00,5823900,Edição integrada à impressão de revistas,58,OPTANTE,III,NAO,Comunicação/TI operacional — Anexo III,regra
5829-8/00,5829800,"Edição integrada à impressão de cadastros, listas e outros produtos gráficos",58,OPTANTE,III,NAO,Comunicação/TI operacional — Anexo III,regra
5911-1/01,5911101,Estúdios cinematográficos,59,OPTANTE,III,NAO,Curadoria tabela 2026,curadoria
5911-1/02,5911102,Produção de filmes para publicidade,59,OPTANTE,III,NAO,Comunicação/TI operacional — Anexo III,regra
5911-1/99,5911199,"Atividades de produção cinematográfica, de vídeos e de programas de televisão não especificadas anteriormente",59,OPTANTE,III,NAO,Comunicação/TI operacional — Anexo III,regra
5912-0/01,5912001,Serviços de dublagem,59,OPTANTE,III,NAO,Comunicação/TI operacional — Anexo III,regra
5912-0/02,5912002,Serviços de mixagem sonora em produção audiovisual,59,OPTANTE,III,NAO,Comunicação/TI operacional — Anexo III,regra
5912-0/99,5912099,"Atividades de pós-produção cinematográfica, de vídeos e de programas de televisão não especificadas anteriormente",59,OPTANTE,III,NAO,Comunicação/TI operacional — Anexo III,regra
5913-8/00,5913800,"Distribuição cinematográfica, de vídeo e de programas de televisão",59,OPTANTE,III,NAO,Comunicação/TI operacional — Anexo III,regra
5914-6/00,5914600,Atividades de exibição cinematográfica,59,OPTANTE,III,NAO,Comunicação/TI operacional — Anexo III,regra
5920-1/00,5920100,Atividades de gravação de som e de edição de música,59,OPTANTE,III,NAO,Comunicação/TI operacional — Anexo III,regra
6010-1/00,6010100,Atividades de rádio,60,VEDADO,,NAO,Curadoria: vedação art.17,curadoria
6021-7/00,6021700,Atividades de televisão aberta,60,VEDADO,,NAO,Curadoria: vedação art.17,curadoria
6022-5/01,6022501,Programadoras,60,OPTANTE,III,NAO,Comunicação/TI operacional — Anexo III,regra
6022-5/02,6022502,"Atividades relacionadas à televisão por assinatura, exceto programadoras",60,OPTANTE,III,NAO,Comunicação/TI operacional — Anexo III,regra
6110-8/01,6110801,Serviços de telefonia fixa comutada - STFC,61,OPTANTE,III,NAO,Comunicação/TI operacional — Anexo III,regra
6110-8/02,6110802,Serviços de redes de transporte de telecomunicações - SRTT,61,OPTANTE,III,NAO,Comunicação/TI operacional — Anexo III,regra
6110-8/03,6110803,Serviços de comunicação multimídia - SCM,61,OPTANTE,III,NAO,Comunicação/TI operacional — Anexo III,regra
6110-8/99,6110899,Serviços de telecomunicações por fio não especificados anteriormente,61,OPTANTE,III,NAO,Comunicação/TI operacional — Anexo III,regra
6120-5/01,6120501,Telefonia móvel celular,61,OPTANTE,III,NAO,Comunicação/TI operacional — Anexo III,regra
6120-5/02,6120502,Serviço móvel especializado - SME,61,OPTANTE,III,NAO,Comunicação/TI operacional — Anexo III,regra
6120-5/99,6120599,Serviços de telecomunicações sem fio não especificados anteriormente,61,OPTANTE,III,NAO,Comunicação/TI operacional — Anexo III,regra
6130-2/00,6130200,Telecomunicações por satélite,61,OPTANTE,III,NAO,Comunicação/TI operacional — Anexo III,regra
6141-8/00,6141800,Operadoras de televisão por assinatura por cabo,61,OPTANTE,III,NAO,Comunicação/TI operacional — Anexo III,regra
6142-6/00,6142600,Operadoras de televisão por assinatura por micro-ondas,61,OPTANTE,III,NAO,Comunicação/TI operacional — Anexo III,regra
6143-4/00,6143400,Operadoras de televisão por assinatura por satélite,61,OPTANTE,III,NAO,Comunicação/TI operacional — Anexo III,regra
6190-6/01,6190601,Provedores de acesso às redes de comunicações,61,OPTANTE,III,NAO,Comunicação/TI operacional — Anexo III,regra
6190-6/02,6190602,Provedores de voz sobre protocolo Internet - VOIP,61,OPTANTE,III,NAO,Comunicação/TI operacional — Anexo III,regra
6190-6/99,6190699,Outras atividades de telecomunicações não especificadas anteriormente,61,OPTANTE,III,NAO,Comunicação/TI operacional — Anexo III,regra
6201-5/01,6201501,Desenvolvimento de programas de computador sob encomenda,62,AMBIGUO,V,SIM,Curadoria tabela 2026,curadoria
6201-5/02,6201502,Web desing,62,AMBIGUO,V,SIM,"TI/software — V (15,5%), pode ir ao III (6%) com Fator R",regra
6202-3/00,6202300,Desenvolvimento e licenciamento de programas de computador customizáveis,62,OPTANTE,III,NAO,Curadoria tabela 2026,curadoria
6203-1/00,6203100,Desenvolvimento e licenciamento de programas de computador não customizáveis,62,AMBIGUO,V,SIM,Curadoria tabela 2026,curadoria
6204-0/00,6204000,Consultoria em tecnologia da informação,62,AMBIGUO,V,SIM,Curadoria tabela 2026,curadoria
6209-1/00,6209100,"Suporte técnico, manutenção e outros serviços em tecnologia da informação",62,AMBIGUO,V,SIM,Curadoria tabela 2026,curadoria
6311-9/00,6311900,"Tratamento de dados, provedores de serviços de aplicação e serviços de hospedagem na Internet",63,AMBIGUO,V,SIM,Curadoria tabela 2026,curadoria
6319-4/00,6319400,"Portais, provedores de conteúdo e outros serviços de informação na Internet",63,AMBIGUO,V,SIM,Curadoria tabela 2026,curadoria
6391-7/00,6391700,Agências de notícias,63,OPTANTE,III,NAO,Comunicação/TI operacional — Anexo III,regra
6399-2/00,6399200,Outras atividades de prestação de serviços de informação não especificadas anteriormente,63,OPTANTE,III,NAO,Comunicação/TI operacional — Anexo III,regra
6410-7/00,6410700,Banco Central,64,VEDADO,,NAO,Curadoria: vedação art.17,curadoria
6421-2/00,6421200,Bancos comerciais,64,VEDADO,,NAO,Curadoria: vedação art.17,curadoria
6422-1/00,6422100,"Bancos múltiplos, com carteira comercial",64,VEDADO,,NAO,Curadoria: vedação art.17,curadoria
6423-9/00,6423900,Caixas econômicas,64,VEDADO,,NAO,Prefixo com vedação típica art.17 (financeiro/adm.pública/associativo/fumo/explosivos/rádio/TV),regra
6424-7/01,6424701,Bancos cooperativos,64,VEDADO,,NAO,Prefixo com vedação típica art.17 (financeiro/adm.pública/associativo/fumo/explosivos/rádio/TV),regra
6424-7/02,6424702,Cooperativas centrais de crédito,64,VEDADO,,NAO,Prefixo com vedação típica art.17 (financeiro/adm.pública/associativo/fumo/explosivos/rádio/TV),regra
6424-7/03,6424703,Cooperativas de crédito mútuo,64,VEDADO,,NAO,Prefixo com vedação típica art.17 (financeiro/adm.pública/associativo/fumo/explosivos/rádio/TV),regra
6424-7/04,6424704,Cooperativas de crédito rural,64,VEDADO,,NAO,Prefixo com vedação típica art.17 (financeiro/adm.pública/associativo/fumo/explosivos/rádio/TV),regra
6431-0/00,6431000,"Bancos múltiplos, sem carteira comercial",64,VEDADO,,NAO,Curadoria: vedação art.17,curadoria
6432-8/00,6432800,Bancos de investimento,64,VEDADO,,NAO,Prefixo com vedação típica art.17 (financeiro/adm.pública/associativo/fumo/explosivos/rádio/TV),regra
6433-6/00,6433600,Bancos de desenvolvimento,64,VEDADO,,NAO,Prefixo com vedação típica art.17 (financeiro/adm.pública/associativo/fumo/explosivos/rádio/TV),regra
6434-4/00,6434400,Agências de fomento,64,VEDADO,,NAO,Prefixo com vedação típica art.17 (financeiro/adm.pública/associativo/fumo/explosivos/rádio/TV),regra
6435-2/01,6435201,Sociedades de crédito imobiliário,64,VEDADO,,NAO,Prefixo com vedação típica art.17 (financeiro/adm.pública/associativo/fumo/explosivos/rádio/TV),regra
6435-2/02,6435202,Associações de poupança e empréstimo,64,VEDADO,,NAO,Prefixo com vedação típica art.17 (financeiro/adm.pública/associativo/fumo/explosivos/rádio/TV),regra
6435-2/03,6435203,Companhias hipotecárias,64,VEDADO,,NAO,Prefixo com vedação típica art.17 (financeiro/adm.pública/associativo/fumo/explosivos/rádio/TV),regra
6436-1/00,6436100,"Sociedades de crédito, financiamento e investimento - financeiras",64,VEDADO,,NAO,"Financeiro/seguros — em geral vedado, exceto 6619-3/02 e 6622-3/00",regra
6437-9/00,6437900,Sociedades de crédito ao microempreendedor,64,VEDADO,,NAO,"Financeiro/seguros — em geral vedado, exceto 6619-3/02 e 6622-3/00",regra
6438-7/01,6438701,Bancos de câmbio,64,VEDADO,,NAO,"Financeiro/seguros — em geral vedado, exceto 6619-3/02 e 6622-3/00",regra
6438-7/99,6438799,Outras instituições de intermediação não monetária não especificadas anteriormente,64,VEDADO,,NAO,"Financeiro/seguros — em geral vedado, exceto 6619-3/02 e 6622-3/00",regra
6440-9/00,6440900,Arrendamento mercantil,64,VEDADO,,NAO,Prefixo com vedação típica art.17 (financeiro/adm.pública/associativo/fumo/explosivos/rádio/TV),regra
6450-6/00,6450600,Sociedades de capitalização,64,VEDADO,,NAO,Curadoria: vedação art.17,curadoria
6461-1/00,6461100,Holdings de instituições financeiras,64,VEDADO,,NAO,"Financeiro/seguros — em geral vedado, exceto 6619-3/02 e 6622-3/00",regra
6462-0/00,6462000,Holdings de instituições não financeiras,64,VEDADO,,NAO,"Financeiro/seguros — em geral vedado, exceto 6619-3/02 e 6622-3/00",regra
6463-8/00,6463800,"Outras sociedades de participação, exceto holdings",64,VEDADO,,NAO,"Financeiro/seguros — em geral vedado, exceto 6619-3/02 e 6622-3/00",regra
6470-1/01,6470101,"Fundos de investimento, exceto previdenciários e imobiliários",64,VEDADO,,NAO,Prefixo com vedação típica art.17 (financeiro/adm.pública/associativo/fumo/explosivos/rádio/TV),regra
6470-1/02,6470102,Fundos de investimento previdenciários,64,VEDADO,,NAO,Prefixo com vedação típica art.17 (financeiro/adm.pública/associativo/fumo/explosivos/rádio/TV),regra
6470-1/03,6470103,Fundos de investimento imobiliários,64,VEDADO,,NAO,Prefixo com vedação típica art.17 (financeiro/adm.pública/associativo/fumo/explosivos/rádio/TV),regra
6491-3/00,6491300,Sociedades de fomento mercantil - factoring,64,VEDADO,,NAO,"Financeiro/seguros — em geral vedado, exceto 6619-3/02 e 6622-3/00",regra
6492-1/00,6492100,Securitização de créditos,64,VEDADO,,NAO,"Financeiro/seguros — em geral vedado, exceto 6619-3/02 e 6622-3/00",regra
6493-0/00,6493000,Administração de consórcios para aquisição de bens e direitos,64,VEDADO,,NAO,"Financeiro/seguros — em geral vedado, exceto 6619-3/02 e 6622-3/00",regra
6499-9/01,6499901,Clubes de investimento,64,VEDADO,,NAO,"Financeiro/seguros — em geral vedado, exceto 6619-3/02 e 6622-3/00",regra
6499-9/02,6499902,Sociedades de investimento,64,VEDADO,,NAO,"Financeiro/seguros — em geral vedado, exceto 6619-3/02 e 6622-3/00",regra
6499-9/03,6499903,Fundo garantidor de crédito,64,VEDADO,,NAO,"Financeiro/seguros — em geral vedado, exceto 6619-3/02 e 6622-3/00",regra
6499-9/04,6499904,Caixas de financiamento de corporações,64,VEDADO,,NAO,"Financeiro/seguros — em geral vedado, exceto 6619-3/02 e 6622-3/00",regra
6499-9/05,6499905,Concessão de crédito pelas OSCIP,64,VEDADO,,NAO,"Financeiro/seguros — em geral vedado, exceto 6619-3/02 e 6622-3/00",regra
6499-9/99,6499999,Outras atividades de serviços financeiros não especificadas anteriormente,64,VEDADO,,NAO,"Financeiro/seguros — em geral vedado, exceto 6619-3/02 e 6622-3/00",regra
6511-1/01,6511101,Sociedade seguradora de seguros vida,65,VEDADO,,NAO,"Financeiro/seguros — em geral vedado, exceto 6619-3/02 e 6622-3/00",regra
6511-1/02,6511102,Planos de auxílio-funeral,65,VEDADO,,NAO,"Financeiro/seguros — em geral vedado, exceto 6619-3/02 e 6622-3/00",regra
6512-0/00,6512000,Sociedade seguradora de seguros não vida,65,VEDADO,,NAO,"Financeiro/seguros — em geral vedado, exceto 6619-3/02 e 6622-3/00",regra
6520-1/00,6520100,Sociedade seguradora de seguros-saúde,65,VEDADO,,NAO,"Financeiro/seguros — em geral vedado, exceto 6619-3/02 e 6622-3/00",regra
6530-8/00,6530800,Resseguros,65,VEDADO,,NAO,"Financeiro/seguros — em geral vedado, exceto 6619-3/02 e 6622-3/00",regra
6541-3/00,6541300,Previdência complementar fechada,65,VEDADO,,NAO,"Financeiro/seguros — em geral vedado, exceto 6619-3/02 e 6622-3/00",regra
6542-1/00,6542100,Previdência complementar aberta,65,VEDADO,,NAO,"Financeiro/seguros — em geral vedado, exceto 6619-3/02 e 6622-3/00",regra
6550-2/00,6550200,Planos de saúde,65,VEDADO,,NAO,"Financeiro/seguros — em geral vedado, exceto 6619-3/02 e 6622-3/00",regra
6611-8/01,6611801,Bolsa de valores,66,VEDADO,,NAO,"Financeiro/seguros — em geral vedado, exceto 6619-3/02 e 6622-3/00",regra
6611-8/02,6611802,Bolsa de mercadorias,66,VEDADO,,NAO,"Financeiro/seguros — em geral vedado, exceto 6619-3/02 e 6622-3/00",regra
6611-8/03,6611803,Bolsa de mercadorias e futuros,66,VEDADO,,NAO,"Financeiro/seguros — em geral vedado, exceto 6619-3/02 e 6622-3/00",regra
6611-8/04,6611804,Administração de mercados de balcão organizados,66,VEDADO,,NAO,"Financeiro/seguros — em geral vedado, exceto 6619-3/02 e 6622-3/00",regra
6612-6/01,6612601,Corretoras de títulos e valores mobiliários,66,VEDADO,,NAO,"Financeiro/seguros — em geral vedado, exceto 6619-3/02 e 6622-3/00",regra
6612-6/02,6612602,Distribuidoras de títulos e valores mobiliários,66,VEDADO,,NAO,"Financeiro/seguros — em geral vedado, exceto 6619-3/02 e 6622-3/00",regra
6612-6/03,6612603,Corretoras de câmbio,66,VEDADO,,NAO,"Financeiro/seguros — em geral vedado, exceto 6619-3/02 e 6622-3/00",regra
6612-6/04,6612604,Corretoras de contratos de mercadorias,66,VEDADO,,NAO,"Financeiro/seguros — em geral vedado, exceto 6619-3/02 e 6622-3/00",regra
6612-6/05,6612605,Agentes de investimentos em aplicações financeiras,66,VEDADO,,NAO,"Financeiro/seguros — em geral vedado, exceto 6619-3/02 e 6622-3/00",regra
6613-4/00,6613400,Administração de cartões de crédito,66,VEDADO,,NAO,"Financeiro/seguros — em geral vedado, exceto 6619-3/02 e 6622-3/00",regra
6619-3/01,6619301,Serviços de liquidação e custódia,66,VEDADO,,NAO,"Financeiro/seguros — em geral vedado, exceto 6619-3/02 e 6622-3/00",regra
6619-3/02,6619302,Correspondentes de instituições financeiras,66,OPTANTE,III,NAO,Curadoria tabela 2026,curadoria
6619-3/03,6619303,Representações de bancos estrangeiros,66,VEDADO,,NAO,"Financeiro/seguros — em geral vedado, exceto 6619-3/02 e 6622-3/00",regra
6619-3/04,6619304,Caixas eletrônicos,66,VEDADO,,NAO,"Financeiro/seguros — em geral vedado, exceto 6619-3/02 e 6622-3/00",regra
6619-3/05,6619305,Operadoras de cartões de débito,66,VEDADO,,NAO,"Financeiro/seguros — em geral vedado, exceto 6619-3/02 e 6622-3/00",regra
6619-3/99,6619399,Outras atividades auxiliares dos serviços financeiros não especificadas anteriormente,66,VEDADO,,NAO,"Financeiro/seguros — em geral vedado, exceto 6619-3/02 e 6622-3/00",regra
6621-5/01,6621501,Peritos e avaliadores de seguros,66,AMBIGUO,V,SIM,Curadoria tabela 2026,curadoria
6621-5/02,6621502,Auditoria e consultoria atuarial,66,VEDADO,,NAO,"Financeiro/seguros — em geral vedado, exceto 6619-3/02 e 6622-3/00",regra
6622-3/00,6622300,"Corretores e agentes de seguros, de planos de previdência complementar e de saúde",66,OPTANTE,III,NAO,Curadoria tabela 2026,curadoria
6629-1/00,6629100,"Atividades auxiliares dos seguros, da previdência complementar e dos planos de saúde não especificadas anteriormente",66,VEDADO,,NAO,"Financeiro/seguros — em geral vedado, exceto 6619-3/02 e 6622-3/00",regra
6630-4/00,6630400,Atividades de administração de fundos por contrato ou comissão,66,VEDADO,,NAO,Curadoria: vedação art.17,curadoria
6810-2/01,6810201,Compra e venda de imóveis próprios,68,OPTANTE,III,NAO,Curadoria tabela 2026,curadoria
6810-2/02,6810202,Aluguel de imóveis próprios,68,OPTANTE,III,NAO,Imobiliárias — Anexo III,regra
6810-2/03,6810203,Loteamento de imóveis próprios,68,OPTANTE,III,NAO,Imobiliárias — Anexo III,regra
6821-8/01,6821801,Corretagem na compra e venda e avaliação de imóveis,68,AMBIGUO,III,SIM,Curadoria tabela 2026,curadoria
6821-8/02,6821802,Corretagem no aluguel de imóveis,68,OPTANTE,III,NAO,Imobiliárias — Anexo III,regra
6822-6/00,6822600,Gestão e administração da propriedade imobiliária,68,OPTANTE,III,NAO,Imobiliárias — Anexo III,regra
6911-7/01,6911701,Serviços advocatícios,69,OPTANTE,IV,NAO,Curadoria tabela 2026,curadoria
6911-7/02,6911702,Atividades auxiliares da justiça,69,OPTANTE,IV,NAO,Advocacia — Anexo IV,regra
6911-7/03,6911703,Agente de propriedade industrial,69,OPTANTE,IV,NAO,Advocacia — Anexo IV,regra
6912-5/00,6912500,Cartórios,69,OPTANTE,III,NAO,Contabilidade e afins — Anexo III,regra
6920-6/01,6920601,Atividades de contabilidade,69,OPTANTE,III,NAO,Curadoria tabela 2026,curadoria
6920-6/02,6920602,Atividades de consultoria e auditoria contábil e tributária,69,OPTANTE,III,NAO,Contabilidade e afins — Anexo III,regra
7020-4/00,7020400,"Atividades de consultoria em gestão empresarial, exceto consultoria técnica específica",70,AMBIGUO,V,SIM,Curadoria tabela 2026,curadoria
7111-1/00,7111100,Serviços de arquitetura,71,AMBIGUO,III,SIM,Curadoria tabela 2026,curadoria
7112-0/00,7112000,Serviços de engenharia,71,AMBIGUO,V,SIM,Curadoria tabela 2026,curadoria
7119-7/01,7119701,"Serviços de cartografia, topografia e geodésia",71,AMBIGUO,V,SIM,"Serviço intelectual/técnico — V, pode ir ao III com Fator R",regra
7119-7/02,7119702,Atividades de estudos geológicos,71,AMBIGUO,V,SIM,"Serviço intelectual/técnico — V, pode ir ao III com Fator R",regra
7119-7/03,7119703,Serviços de desenho técnico relacionados à arquitetura e engenharia,71,AMBIGUO,V,SIM,"Serviço intelectual/técnico — V, pode ir ao III com Fator R",regra
7119-7/04,7119704,Serviços de perícia técnica relacionados à segurança do trabalho,71,AMBIGUO,V,SIM,"Serviço intelectual/técnico — V, pode ir ao III com Fator R",regra
7119-7/99,7119799,Atividades técnicas relacionadas à engenharia e arquitetura não especificadas anteriormente,71,AMBIGUO,V,SIM,"Serviço intelectual/técnico — V, pode ir ao III com Fator R",regra
7120-1/00,7120100,Testes e análises técnicas,71,AMBIGUO,V,SIM,"Serviço intelectual/técnico — V, pode ir ao III com Fator R",regra
7210-0/00,7210000,Pesquisa e desenvolvimento experimental em ciências físicas e naturais,72,AMBIGUO,V,SIM,"Serviço intelectual/técnico — V, pode ir ao III com Fator R",regra
7220-7/00,7220700,Pesquisa e desenvolvimento experimental em ciências sociais e humanas,72,AMBIGUO,V,SIM,"Serviço intelectual/técnico — V, pode ir ao III com Fator R",regra
7311-4/00,7311400,Agências de publicidade,73,AMBIGUO,V,SIM,Curadoria tabela 2026,curadoria
7312-2/00,7312200,"Agenciamento de espaços para publicidade, exceto em veículos de comunicação",73,AMBIGUO,V,SIM,"Serviço intelectual/técnico — V, pode ir ao III com Fator R",regra
7319-0/01,7319001,Criação de estandes para feiras e exposições,73,AMBIGUO,V,SIM,"Serviço intelectual/técnico — V, pode ir ao III com Fator R",regra
7319-0/02,7319002,Promoção de vendas,73,AMBIGUO,V,SIM,"Serviço intelectual/técnico — V, pode ir ao III com Fator R",regra
7319-0/03,7319003,Marketing direto,73,AMBIGUO,V,SIM,"Serviço intelectual/técnico — V, pode ir ao III com Fator R",regra
7319-0/04,7319004,Consultoria em publicidade,73,AMBIGUO,V,SIM,"Serviço intelectual/técnico — V, pode ir ao III com Fator R",regra
7319-0/99,7319099,Outras atividades de publicidade não especificadas anteriormente,73,AMBIGUO,V,SIM,"Serviço intelectual/técnico — V, pode ir ao III com Fator R",regra
7320-3/00,7320300,Pesquisas de mercado e de opinião pública,73,AMBIGUO,V,SIM,Curadoria tabela 2026,curadoria
7410-2/02,7410202,Design de interiores,74,AMBIGUO,"IV,V",SIM,Curadoria tabela 2026,curadoria
7410-2/03,7410203,Desing de produto,74,AMBIGUO,V,SIM,Curadoria tabela 2026,curadoria
7410-2/99,7410299,Atividades de desing não especificadas anteriormente,74,AMBIGUO,V,SIM,"Serviço intelectual/técnico — V, pode ir ao III com Fator R",regra
7420-0/01,7420001,"Atividades de produção de fotografias, exceto aérea e submarina",74,AMBIGUO,V,SIM,Curadoria tabela 2026,curadoria
7420-0/02,7420002,Atividades de produção de fotografias aéreas e submarinas,74,AMBIGUO,V,SIM,"Serviço intelectual/técnico — V, pode ir ao III com Fator R",regra
7420-0/03,7420003,Laboratórios fotográficos,74,AMBIGUO,V,SIM,"Serviço intelectual/técnico — V, pode ir ao III com Fator R",regra
7420-0/04,7420004,Filmagem de festas e eventos,74,AMBIGUO,V,SIM,"Serviço intelectual/técnico — V, pode ir ao III com Fator R",regra
7420-0/05,7420005,Serviços de microfilmagem,74,AMBIGUO,V,SIM,"Serviço intelectual/técnico — V, pode ir ao III com Fator R",regra
7490-1/01,7490101,"Serviços de tradução, interpretação e similares",74,AMBIGUO,V,SIM,Curadoria tabela 2026,curadoria
7490-1/02,7490102,Escafandria e mergulho,74,AMBIGUO,V,SIM,"Serviço intelectual/técnico — V, pode ir ao III com Fator R",regra
7490-1/03,7490103,Serviços de agronomia e de consultoria às atividades agrícolas e pecuárias,74,AMBIGUO,V,SIM,"Serviço intelectual/técnico — V, pode ir ao III com Fator R",regra
7490-1/04,7490104,"Atividades de intermediação e agenciamento de serviços e negócios em geral, exceto imobiliários",74,AMBIGUO,V,SIM,"Serviço intelectual/técnico — V, pode ir ao III com Fator R",regra
7490-1/05,7490105,"Agenciamento de profissionais para atividades esportivas, culturais e artísticas",74,AMBIGUO,V,SIM,"Serviço intelectual/técnico — V, pode ir ao III com Fator R",regra
7490-1/99,7490199,"Outras atividades profissionais, científicas e técnicas não especificadas anteriormente",74,AMBIGUO,V,SIM,"Serviço intelectual/técnico — V, pode ir ao III com Fator R",regra
7500-1/00,7500100,Atividades veterinárias,75,OPTANTE,III,NAO,Curadoria tabela 2026,curadoria
7711-0/00,7711000,Locação de automóveis sem condutor,77,OPTANTE,III,NAO,Curadoria tabela 2026,curadoria
7719-5/01,7719501,"Locação de embarcações sem tripulação, exceto para fins\nrecreativos",77,OPTANTE,III,NAO,Serviços de apoio — Anexo III,regra
7719-5/02,7719502,Locação de aeronaves sem tripulação,77,OPTANTE,III,NAO,Serviços de apoio — Anexo III,regra
7719-5/99,7719599,"Locação de outros meios de transporte não especificados anteriormente, sem condutor",77,OPTANTE,III,NAO,Serviços de apoio — Anexo III,regra
7721-7/00,7721700,Aluguel de equipamentos recreativos e esportivos,77,OPTANTE,III,NAO,Serviços de apoio — Anexo III,regra
7722-5/00,7722500,"Aluguel de fitas de vídeo, DVDs e similares",77,OPTANTE,III,NAO,Serviços de apoio — Anexo III,regra
7723-3/00,7723300,"Aluguel de objetos do vestuário, jóias e acessórios",77,OPTANTE,III,NAO,Serviços de apoio — Anexo III,regra
7729-2/01,7729201,Aluguel de aparelhos de jogos eletrônicos,77,OPTANTE,III,NAO,Serviços de apoio — Anexo III,regra
7729-2/02,7729202,"Aluguel de móveis, utensílios e aparelhos de uso doméstico e pessoal; instrumentos musicais",77,OPTANTE,III,NAO,Serviços de apoio — Anexo III,regra
7729-2/03,7729203,Aluguel de material médico,77,OPTANTE,III,NAO,Serviços de apoio — Anexo III,regra
7729-2/99,7729299,Aluguel de outros objetos pessoais e domésticos não especificados anteriormente,77,OPTANTE,III,NAO,Serviços de apoio — Anexo III,regra
7731-4/00,7731400,Aluguel de máquinas e equipamentos agrícolas sem operador,77,OPTANTE,III,NAO,Serviços de apoio — Anexo III,regra
7732-2/01,7732201,"Aluguel de máquinas e equipamentos para construção sem operador, exceto andaimes",77,OPTANTE,III,NAO,Serviços de apoio — Anexo III,regra
7732-2/02,7732202,Aluguel de andaimes,77,OPTANTE,III,NAO,Serviços de apoio — Anexo III,regra
7733-1/00,7733100,Aluguel de máquinas e equipamentos para escritório,77,OPTANTE,III,NAO,Serviços de apoio — Anexo III,regra
7739-0/01,7739001,"Aluguel de máquinas e equipamentos para extração de minérios e petróleo, sem operador",77,OPTANTE,III,NAO,Serviços de apoio — Anexo III,regra
7739-0/02,7739002,"Aluguel de equipamentos científicos, médicos e hospitalares, sem operador",77,OPTANTE,III,NAO,Serviços de apoio — Anexo III,regra
7739-0/03,7739003,"Aluguel de palcos, coberturas e outras estruturas de uso temporário, exceto andaimes",77,OPTANTE,III,NAO,Serviços de apoio — Anexo III,regra
7739-0/99,7739099,"Aluguel de outras máquinas e equipamentos comerciais e industriais não especificados anteriormente, sem operador",77,OPTANTE,III,NAO,Curadoria tabela 2026,curadoria
7740-3/00,7740300,Gestão de ativos intangíveis não financeiros,77,OPTANTE,III,NAO,Serviços de apoio — Anexo III,regra
7810-8/00,7810800,Seleção e agenciamento de mão de obra,78,VEDADO,,NAO,Curadoria: vedação art.17,curadoria
7820-5/00,7820500,Locação de mão de obra temporária,78,VEDADO,,NAO,Curadoria: vedação art.17,curadoria
7830-2/00,7830200,Fornecimento e gestão de recursos humanos para terceiros,78,VEDADO,,NAO,Curadoria: vedação art.17,curadoria
7911-2/00,7911200,Agências de viagens,79,OPTANTE,III,NAO,Serviços de apoio — Anexo III,regra
7912-1/00,7912100,Operadores turísticos,79,OPTANTE,III,NAO,Serviços de apoio — Anexo III,regra
7990-2/00,7990200,Serviços de reservas e outros serviços de turismo não especificados anteriormente,79,OPTANTE,III,NAO,Serviços de apoio — Anexo III,regra
8011-1/01,8011101,Atividades de vigilância e segurança privada,80,OPTANTE,IV,NAO,Curadoria tabela 2026,curadoria
8011-1/02,8011102,Serviços de adestramento de cães de guarda,80,OPTANTE,IV,NAO,Vigilância/limpeza — Anexo IV,regra
8012-9/00,8012900,Atividades de transporte de valores,80,OPTANTE,III,NAO,Serviços de apoio — Anexo III,regra
8020-0/01,8020001,Atividades de monitoramento de sistemas de segurança eletrônico,80,OPTANTE,III,NAO,Serviços de apoio — Anexo III,regra
8020-0/02,8020002,Outras atividades de serviços de segurança,80,OPTANTE,III,NAO,Serviços de apoio — Anexo III,regra
8030-7/00,8030700,Atividades de investigação particular,80,OPTANTE,III,NAO,Serviços de apoio — Anexo III,regra
8111-7/00,8111700,"Serviços combinados para apoio a edifícios, exceto condomínios prediais",81,OPTANTE,IV,NAO,Curadoria tabela 2026,curadoria
8112-5/00,8112500,Condomínios prediais,81,OPTANTE,III,NAO,Serviços de apoio — Anexo III,regra
8121-4/00,8121400,Limpeza em prédios e em domicílios,81,OPTANTE,IV,NAO,Curadoria tabela 2026,curadoria
8122-2/00,8122200,Imunização e controle de pragas urbanas,81,OPTANTE,III,NAO,Serviços de apoio — Anexo III,regra
8129-0/00,8129000,Atividades de limpeza não especificadas anteriormente,81,OPTANTE,IV,NAO,Vigilância/limpeza — Anexo IV,regra
8130-3/00,8130300,Atividades paisagísticas,81,OPTANTE,III,NAO,Serviços de apoio — Anexo III,regra
8211-3/00,8211300,Serviços combinados de escritório e apoio administrativo,82,OPTANTE,III,NAO,Curadoria tabela 2026,curadoria
8219-9/01,8219901,Fotocópias,82,OPTANTE,III,NAO,Serviços de apoio — Anexo III,regra
8219-9/99,8219999,Preparação de documentos e serviços especializados de apoio administrativo não especificados anteriormente,82,OPTANTE,III,NAO,Serviços de apoio — Anexo III,regra
8220-2/00,8220200,Atividades de teleatendimento,82,OPTANTE,III,NAO,Serviços de apoio — Anexo III,regra
8230-0/01,8230001,"Serviços de organização de feiras, congressos, exposições e festas",82,OPTANTE,III,NAO,Serviços de apoio — Anexo III,regra
8230-0/02,8230002,Casas de festas e eventos,82,OPTANTE,III,NAO,Serviços de apoio — Anexo III,regra
8291-1/00,8291100,Atividades de cobrança e informações cadastrais,82,OPTANTE,III,NAO,Serviços de apoio — Anexo III,regra
8292-0/00,8292000,Envasamento e empacotamento sob contrato,82,OPTANTE,III,NAO,Serviços de apoio — Anexo III,regra
8299-7/01,8299701,"Medição de consumo de energia elétrica, gás e água",82,OPTANTE,III,NAO,Serviços de apoio — Anexo III,regra
8299-7/02,8299702,"Emissão de vales-alimentação, vales-transporte e similares",82,OPTANTE,III,NAO,Serviços de apoio — Anexo III,regra
8299-7/03,8299703,"Serviços de gravação de carimbos, exceto confecção",82,OPTANTE,III,NAO,Serviços de apoio — Anexo III,regra
8299-7/04,8299704,Leiloeiros independentes,82,OPTANTE,III,NAO,Serviços de apoio — Anexo III,regra
8299-7/05,8299705,Serviços de levantamento de fundos sob contrato,82,OPTANTE,III,NAO,Serviços de apoio — Anexo III,regra
8299-7/06,8299706,Casas lotéricas,82,OPTANTE,III,NAO,Serviços de apoio — Anexo III,regra
8299-7/07,8299707,Salas de acesso à Internet,82,OPTANTE,III,NAO,Serviços de apoio — Anexo III,regra
8299-7/99,8299799,Outras atividades de serviços prestados principalmente às empresas não especificadas anteriormente,82,AMBIGUO,V,SIM,Curadoria tabela 2026,curadoria
8411-6/00,8411600,Administração pública em geral,84,VEDADO,,NAO,Prefixo com vedação típica art.17 (financeiro/adm.pública/associativo/fumo/explosivos/rádio/TV),regra
8412-4/00,8412400,"Regulação das atividades de saúde, educação, serviços culturais e outros serviços sociais",84,VEDADO,,NAO,Prefixo com vedação típica art.17 (financeiro/adm.pública/associativo/fumo/explosivos/rádio/TV),regra
8413-2/00,8413200,Regulação das atividades econômicas,84,VEDADO,,NAO,Prefixo com vedação típica art.17 (financeiro/adm.pública/associativo/fumo/explosivos/rádio/TV),regra
8421-3/00,8421300,Relações exteriores,84,VEDADO,,NAO,Prefixo com vedação típica art.17 (financeiro/adm.pública/associativo/fumo/explosivos/rádio/TV),regra
8422-1/00,8422100,Defesa,84,VEDADO,,NAO,Prefixo com vedação típica art.17 (financeiro/adm.pública/associativo/fumo/explosivos/rádio/TV),regra
8423-0/00,8423000,Justiça,84,VEDADO,,NAO,Prefixo com vedação típica art.17 (financeiro/adm.pública/associativo/fumo/explosivos/rádio/TV),regra
8424-8/00,8424800,Segurança e ordem pública,84,VEDADO,,NAO,Prefixo com vedação típica art.17 (financeiro/adm.pública/associativo/fumo/explosivos/rádio/TV),regra
8425-6/00,8425600,Defesa Civil,84,VEDADO,,NAO,Prefixo com vedação típica art.17 (financeiro/adm.pública/associativo/fumo/explosivos/rádio/TV),regra
8430-2/00,8430200,Seguridade social obrigatória,84,AMBIGUO,?,NAO,Sem regra específica — validar art.17/18,regra
8511-2/00,8511200,Educação infantil - creche,85,OPTANTE,III,NAO,Curadoria tabela 2026,curadoria
8512-1/00,8512100,Educação infantil - pré-escola,85,OPTANTE,III,NAO,"Educação — Anexo III (superior pode cair em V, validar)",regra
8513-9/00,8513900,Ensino fundamental,85,OPTANTE,III,NAO,"Educação — Anexo III (superior pode cair em V, validar)",regra
8520-1/00,8520100,Ensino médio,85,OPTANTE,III,NAO,"Educação — Anexo III (superior pode cair em V, validar)",regra
8531-7/00,8531700,Educação superior - graduação,85,AMBIGUO,V,SIM,Curadoria tabela 2026,curadoria
8532-5/00,8532500,Educação superior - graduação e pós-graduação,85,OPTANTE,III,NAO,"Educação — Anexo III (superior pode cair em V, validar)",regra
8533-3/00,8533300,Educação superior - pós-graduação e extensão,85,OPTANTE,III,NAO,"Educação — Anexo III (superior pode cair em V, validar)",regra
8541-4/00,8541400,Educação profissional de nível técnico,85,OPTANTE,III,NAO,Curadoria tabela 2026,curadoria
8542-2/00,8542200,Educação profissional de nível tecnológico,85,OPTANTE,III,NAO,"Educação — Anexo III (superior pode cair em V, validar)",regra
8550-3/01,8550301,Administração de caixas escolares,85,OPTANTE,III,NAO,"Educação — Anexo III (superior pode cair em V, validar)",regra
8550-3/02,8550302,"Atividades de apoio à educação, exceto caixas escolares",85,OPTANTE,III,NAO,"Educação — Anexo III (superior pode cair em V, validar)",regra
8591-1/00,8591100,Ensino de esportes,85,OPTANTE,III,NAO,"Educação — Anexo III (superior pode cair em V, validar)",regra
8592-9/01,8592901,Ensino de dança,85,OPTANTE,III,NAO,"Educação — Anexo III (superior pode cair em V, validar)",regra
8592-9/02,8592902,"Ensino de artes cênicas, exceto dança",85,OPTANTE,III,NAO,"Educação — Anexo III (superior pode cair em V, validar)",regra
8592-9/03,8592903,Ensino de música,85,OPTANTE,III,NAO,"Educação — Anexo III (superior pode cair em V, validar)",regra
8592-9/99,8592999,Ensino de arte e cultura não especificado anteriormente,85,OPTANTE,III,NAO,"Educação — Anexo III (superior pode cair em V, validar)",regra
8593-7/00,8593700,Ensino de idiomas,85,OPTANTE,III,NAO,"Educação — Anexo III (superior pode cair em V, validar)",regra
8599-6/01,8599601,Formação de condutores,85,OPTANTE,III,NAO,"Educação — Anexo III (superior pode cair em V, validar)",regra
8599-6/02,8599602,Cursos de pilotagem,85,OPTANTE,III,NAO,"Educação — Anexo III (superior pode cair em V, validar)",regra
8599-6/03,8599603,Treinamento em informática,85,OPTANTE,III,NAO,"Educação — Anexo III (superior pode cair em V, validar)",regra
8599-6/04,8599604,Treinamento em desenvolvimento profissional e gerencial,85,OPTANTE,III,NAO,Curadoria tabela 2026,curadoria
8599-6/05,8599605,Cursos preparatórios para concursos,85,OPTANTE,III,NAO,"Educação — Anexo III (superior pode cair em V, validar)",regra
8599-6/99,8599699,Outras atividades de ensino não especificadas anteriormente,85,OPTANTE,III,NAO,Curadoria tabela 2026,curadoria
8610-1/01,8610101,"Atividades de atendimento hospitalar, exceto pronto-socorro e unidades para atendimento a urgências",86,OPTANTE,III,NAO,Curadoria tabela 2026,curadoria
8610-1/02,8610102,Atividades de atendimento em pronto-socorro e unidades hospitalares para atendimento a urgências,86,AMBIGUO,V,SIM,Saúde — V com Fator R (pode ir ao III),regra
8621-6/01,8621601,UTI móvel,86,AMBIGUO,V,SIM,Saúde — V com Fator R (pode ir ao III),regra
8621-6/02,8621602,"Serviços móveis de atendimento a urgências, exceto por UTI móvel",86,AMBIGUO,V,SIM,Saúde — V com Fator R (pode ir ao III),regra
8622-4/00,8622400,"Serviços de remoção de pacientes, exceto os serviços móveis de atendimento a urgências",86,AMBIGUO,V,SIM,Saúde — V com Fator R (pode ir ao III),regra
8630-5/01,8630501,Atividade médica ambulatorial com recursos para realização de procedimentos cirúrgicos,86,OPTANTE,III,NAO,Curadoria tabela 2026,curadoria
8630-5/02,8630502,Atividade médica ambulatorial com recursos para realização de exames complementares,86,AMBIGUO,V,SIM,Saúde — V com Fator R (pode ir ao III),regra
8630-5/03,8630503,Atividade médica ambulatorial restrita a consultas,86,OPTANTE,III,NAO,Curadoria tabela 2026,curadoria
8630-5/04,8630504,Atividade odontológica,86,AMBIGUO,III,SIM,Curadoria tabela 2026,curadoria
8630-5/06,8630506,Serviços de vacinação e imunização humana,86,AMBIGUO,V,SIM,Saúde — V com Fator R (pode ir ao III),regra
8630-5/07,8630507,Atividades de reprodução humana assistida,86,AMBIGUO,V,SIM,Saúde — V com Fator R (pode ir ao III),regra
8630-5/99,8630599,Atividades de atenção ambulatorial não especificadas anteriormente,86,AMBIGUO,V,SIM,Saúde — V com Fator R (pode ir ao III),regra
8640-2/01,8640201,Laboratórios de anatomia patológica e citológica,86,AMBIGUO,V,SIM,Curadoria tabela 2026,curadoria
8640-2/02,8640202,Laboratórios clínicos,86,AMBIGUO,V,SIM,Curadoria tabela 2026,curadoria
8640-2/03,8640203,Serviços de diálise e nefrologia,86,AMBIGUO,V,SIM,Saúde — V com Fator R (pode ir ao III),regra
8640-2/04,8640204,Serviços de tomografia,86,AMBIGUO,V,SIM,Curadoria tabela 2026,curadoria
8640-2/05,8640205,"Serviços de diagnóstico por imagem com uso de radiação ionizante, exceto tomografia",86,AMBIGUO,V,SIM,Curadoria tabela 2026,curadoria
8640-2/06,8640206,Serviços de ressonância magnética,86,AMBIGUO,"III,V",SIM,Curadoria tabela 2026,curadoria
8640-2/07,8640207,"Serviços de diagnóstico por imagem sem uso de radiação ionizante, exceto ressonância magnética",86,AMBIGUO,"III,V",SIM,Curadoria tabela 2026,curadoria
8640-2/08,8640208,"Serviços de diagnóstico por registro gráfico - ECG, EEG e outros exames análogos",86,AMBIGUO,"III,V",SIM,Curadoria tabela 2026,curadoria
8640-2/09,8640209,Serviços de diagnóstico por métodos ópticos - endoscopia e outros exames análogos,86,AMBIGUO,"III,V",SIM,Curadoria tabela 2026,curadoria
8640-2/10,8640210,Serviços de quimioterapia,86,AMBIGUO,III,SIM,Curadoria tabela 2026,curadoria
8640-2/11,8640211,Serviços de radioterapia,86,AMBIGUO,V,SIM,Saúde — V com Fator R (pode ir ao III),regra
8640-2/12,8640212,Serviços de hemoterapia,86,AMBIGUO,V,SIM,Saúde — V com Fator R (pode ir ao III),regra
8640-2/13,8640213,Serviços de litotripsia,86,AMBIGUO,V,SIM,Saúde — V com Fator R (pode ir ao III),regra
8640-2/14,8640214,Serviços de bancos de células e tecidos humanos,86,AMBIGUO,V,SIM,Saúde — V com Fator R (pode ir ao III),regra
8640-2/99,8640299,Atividades de serviços de complementação diagnóstica e terapêutica não especificadas anteriormente,86,AMBIGUO,V,SIM,Saúde — V com Fator R (pode ir ao III),regra
8650-0/01,8650001,Atividades de enfermagem,86,AMBIGUO,V,SIM,Saúde — V com Fator R (pode ir ao III),regra
8650-0/02,8650002,Atividades de profissionais da nutrição,86,AMBIGUO,V,SIM,Saúde — V com Fator R (pode ir ao III),regra
8650-0/03,8650003,Atividades de psicologia e psicanálise,86,AMBIGUO,V,SIM,Saúde — V com Fator R (pode ir ao III),regra
8650-0/04,8650004,Atividades de fisioterapia,86,AMBIGUO,V,SIM,Saúde — V com Fator R (pode ir ao III),regra
8650-0/05,8650005,Atividades de terapia ocupacional,86,AMBIGUO,V,SIM,Saúde — V com Fator R (pode ir ao III),regra
8650-0/06,8650006,Atividades de fonoaudiologia,86,AMBIGUO,V,SIM,Saúde — V com Fator R (pode ir ao III),regra
8650-0/07,8650007,Atividades de terapia de nutrição enteral e parenteral,86,AMBIGUO,V,SIM,Curadoria tabela 2026,curadoria
8650-0/99,8650099,Atividades de profissionais da área de saúde não especificadas anteriormente,86,AMBIGUO,V,SIM,Saúde — V com Fator R (pode ir ao III),regra
8660-7/00,8660700,Atividades de apoio à gestão de saúde,86,AMBIGUO,V,SIM,Saúde — V com Fator R (pode ir ao III),regra
8690-9/01,8690901,Atividades de práticas integrativas e complementares em saúde humana,86,OPTANTE,III,NAO,Curadoria tabela 2026,curadoria
8690-9/02,8690902,Atividades de bancos de leite humano,86,AMBIGUO,V,SIM,Saúde — V com Fator R (pode ir ao III),regra
8690-9/03,8690903,Atividades de acupuntura,86,AMBIGUO,V,SIM,Saúde — V com Fator R (pode ir ao III),regra
8690-9/04,8690904,Atividades de podologia,86,AMBIGUO,V,SIM,Saúde — V com Fator R (pode ir ao III),regra
8690-9/99,8690999,Outras atividades de atenção à saúde humana não especificadas anteriormente,86,AMBIGUO,V,SIM,Saúde — V com Fator R (pode ir ao III),regra
8711-5/01,8711501,Clínicas e residências geriátricas,87,OPTANTE,III,NAO,Serviços pessoais/cultura/esporte/reparação — Anexo III,regra
8711-5/02,8711502,Instituições de longa permanência para idosos,87,OPTANTE,III,NAO,Serviços pessoais/cultura/esporte/reparação — Anexo III,regra
8711-5/03,8711503,"Atividades de assistência a deficientes físicos, imunodeprimidos e convalescentes",87,OPTANTE,III,NAO,Serviços pessoais/cultura/esporte/reparação — Anexo III,regra
8711-5/04,8711504,Centros de apoio a pacientes com câncer e com AIDS,87,OPTANTE,III,NAO,Serviços pessoais/cultura/esporte/reparação — Anexo III,regra
8711-5/05,8711505,Condomínios residenciais para idosos,87,OPTANTE,III,NAO,Serviços pessoais/cultura/esporte/reparação — Anexo III,regra
8712-3/00,8712300,Atividades de fornecimento de infraestrutura de apoio e assistência a paciente no domicílio,87,OPTANTE,III,NAO,Serviços pessoais/cultura/esporte/reparação — Anexo III,regra
8720-4/01,8720401,Atividades de centros de assistência psicossocial,87,OPTANTE,III,NAO,Serviços pessoais/cultura/esporte/reparação — Anexo III,regra
8720-4/99,8720499,"Atividades de assistência psicossocial e à saúde a portadores de distúrbios psíquicos, deficiência mental e dependência química e grupos similares não especificadas anteriormente",87,OPTANTE,III,NAO,Serviços pessoais/cultura/esporte/reparação — Anexo III,regra
8730-1/01,8730101,Orfanatos,87,OPTANTE,III,NAO,Serviços pessoais/cultura/esporte/reparação — Anexo III,regra
8730-1/02,8730102,Albergues assistenciais,87,OPTANTE,III,NAO,Serviços pessoais/cultura/esporte/reparação — Anexo III,regra
8730-1/99,8730199,Atividades de assistência social prestadas em residências coletivas e particulares não especificadas anteriormente,87,OPTANTE,III,NAO,Serviços pessoais/cultura/esporte/reparação — Anexo III,regra
8800-6/00,8800600,Serviços de assistência social sem alojamento,88,OPTANTE,III,NAO,Serviços pessoais/cultura/esporte/reparação — Anexo III,regra
9001-9/01,9001901,Produção teatral,90,OPTANTE,III,NAO,Serviços pessoais/cultura/esporte/reparação — Anexo III,regra
9001-9/02,9001902,Produção musical,90,OPTANTE,III,NAO,Serviços pessoais/cultura/esporte/reparação — Anexo III,regra
9001-9/03,9001903,Produção de espetáculos de dança,90,OPTANTE,III,NAO,Serviços pessoais/cultura/esporte/reparação — Anexo III,regra
9001-9/04,9001904,"Produção de espetáculos circenses, de marionetes e similares",90,OPTANTE,III,NAO,Serviços pessoais/cultura/esporte/reparação — Anexo III,regra
9001-9/05,9001905,"Produção de espetáculos de rodeios, vaquejadas e similares",90,OPTANTE,III,NAO,Serviços pessoais/cultura/esporte/reparação — Anexo III,regra
9001-9/06,9001906,Atividades de sonorização e de iluminação,90,OPTANTE,III,NAO,Serviços pessoais/cultura/esporte/reparação — Anexo III,regra
9001-9/99,9001999,"Artes cênicas, espetáculos e atividades complementares não especificados anteriormente",90,OPTANTE,III,NAO,Curadoria tabela 2026,curadoria
9002-7/01,9002701,"Atividades de artistas plásticos, jornalistas independentes e\nescritores",90,OPTANTE,III,NAO,Serviços pessoais/cultura/esporte/reparação — Anexo III,regra
9002-7/02,9002702,Restauração de obras de arte,90,OPTANTE,III,NAO,Serviços pessoais/cultura/esporte/reparação — Anexo III,regra
9003-5/00,9003500,"Gestão de espaços para artes cênicas, espetáculos e outras atividades artísticas",90,OPTANTE,III,NAO,Serviços pessoais/cultura/esporte/reparação — Anexo III,regra
9101-5/00,9101500,Atividades de bibliotecas e arquivos,91,OPTANTE,III,NAO,Serviços pessoais/cultura/esporte/reparação — Anexo III,regra
9102-3/01,9102301,Atividades de museus e de exploração de lugares e prédios históricos e atrações similares,91,OPTANTE,III,NAO,Serviços pessoais/cultura/esporte/reparação — Anexo III,regra
9102-3/02,9102302,Restauração e conservação de lugares e prédios históricos,91,OPTANTE,III,NAO,Serviços pessoais/cultura/esporte/reparação — Anexo III,regra
9103-1/00,9103100,"Atividades de jardins botânicos, zoológicos, parques nacionais, reservas ecológicas e áreas de proteção ambiental",91,OPTANTE,III,NAO,Serviços pessoais/cultura/esporte/reparação — Anexo III,regra
9200-3/01,9200301,Casas de bingo,92,VEDADO,,NAO,Jogos de azar/apostas — vedado na prática,regra
9200-3/02,9200302,Exploração de apostas em corridas de cavalos,92,VEDADO,,NAO,Jogos de azar/apostas — vedado na prática,regra
9200-3/99,9200399,Exploração de jogos de azar e apostas não especificados anteriormente,92,VEDADO,,NAO,Jogos de azar/apostas — vedado na prática,regra
9311-5/00,9311500,Gestão de instalações de esportes,93,OPTANTE,III,NAO,Serviços pessoais/cultura/esporte/reparação — Anexo III,regra
9312-3/00,9312300,"Clubes sociais, esportivos e similares",93,OPTANTE,III,NAO,Serviços pessoais/cultura/esporte/reparação — Anexo III,regra
9313-1/00,9313100,Atividades de condicionamento físico,93,OPTANTE,III,NAO,Curadoria tabela 2026,curadoria
9319-1/01,9319101,Produção e promoção de eventos esportivos,93,OPTANTE,III,NAO,Serviços pessoais/cultura/esporte/reparação — Anexo III,regra
9319-1/99,9319199,Outras atividades esportivas não especificadas anteriormente,93,OPTANTE,III,NAO,Serviços pessoais/cultura/esporte/reparação — Anexo III,regra
9321-2/00,9321200,Parques de diversão e parques temáticos,93,OPTANTE,III,NAO,Serviços pessoais/cultura/esporte/reparação — Anexo III,regra
9329-8/01,9329801,"Discotecas, danceterias, salões de dança e similares",93,OPTANTE,III,NAO,Serviços pessoais/cultura/esporte/reparação — Anexo III,regra
9329-8/02,9329802,Exploração de boliches,93,OPTANTE,III,NAO,Serviços pessoais/cultura/esporte/reparação — Anexo III,regra
9329-8/03,9329803,"Exploração de jogos de sinuca, bilhar e similares",93,OPTANTE,III,NAO,Serviços pessoais/cultura/esporte/reparação — Anexo III,regra
9329-8/04,9329804,Exploração de jogos eletrônicos recreativos,93,OPTANTE,III,NAO,Curadoria tabela 2026,curadoria
9329-8/99,9329899,Outras atividades de recreação e lazer não especificadas anteriormente,93,OPTANTE,III,NAO,Serviços pessoais/cultura/esporte/reparação — Anexo III,regra
9411-1/00,9411100,Atividades de organizações associativas patronais e empresariais,94,VEDADO,,NAO,Entidades associativas — vedado,regra
9412-0/01,9412001,Atividades de fiscalização profissional,94,VEDADO,,NAO,Entidades associativas — vedado,regra
9412-0/99,9412099,Outras atividades associativas profissionais,94,VEDADO,,NAO,Entidades associativas — vedado,regra
9420-1/00,9420100,Atividades de organizações sindicais,94,VEDADO,,NAO,Curadoria: vedação art.17,curadoria
9430-8/00,9430800,Atividades de associações de defesa de direitos sociais,94,VEDADO,,NAO,Prefixo com vedação típica art.17 (financeiro/adm.pública/associativo/fumo/explosivos/rádio/TV),regra
9491-0/00,9491000,Atividades de organizações religiosas ou filosóficas,94,VEDADO,,NAO,Curadoria: vedação art.17,curadoria
9492-8/00,9492800,Atividades de organizações políticas,94,VEDADO,,NAO,Curadoria: vedação art.17,curadoria
9493-6/00,9493600,Atividades de organizações associativas ligadas à cultura e à arte,94,VEDADO,,NAO,Prefixo com vedação típica art.17 (financeiro/adm.pública/associativo/fumo/explosivos/rádio/TV),regra
9499-5/00,9499500,Atividades associativas não especificadas anteriormente,94,VEDADO,,NAO,Prefixo com vedação típica art.17 (financeiro/adm.pública/associativo/fumo/explosivos/rádio/TV),regra
9511-8/00,9511800,Reparação e manutenção de computadores e de equipamentos periféricos,95,OPTANTE,III,NAO,Serviços pessoais/cultura/esporte/reparação — Anexo III,regra
9512-6/00,9512600,Reparação e manutenção de equipamentos de comunicação,95,OPTANTE,III,NAO,Serviços pessoais/cultura/esporte/reparação — Anexo III,regra
9521-5/00,9521500,Reparação e manutenção de equipamentos eletroeletrônicos de uso pessoal e doméstico,95,OPTANTE,III,NAO,Serviços pessoais/cultura/esporte/reparação — Anexo III,regra
9529-1/01,9529101,"Reparação de calçados, bolsas e artigos de viagem",95,OPTANTE,III,NAO,Serviços pessoais/cultura/esporte/reparação — Anexo III,regra
9529-1/02,9529102,Chaveiros,95,OPTANTE,III,NAO,Serviços pessoais/cultura/esporte/reparação — Anexo III,regra
9529-1/03,9529103,Reparação de relógios,95,OPTANTE,III,NAO,Serviços pessoais/cultura/esporte/reparação — Anexo III,regra
9529-1/04,9529104,"Reparação de bicicletas, triciclos e outros veículos não motorizados",95,OPTANTE,III,NAO,Serviços pessoais/cultura/esporte/reparação — Anexo III,regra
9529-1/05,9529105,Reparação de artigos do mobiliário,95,OPTANTE,III,NAO,Serviços pessoais/cultura/esporte/reparação — Anexo III,regra
9529-1/06,9529106,Reparação de jóias,95,OPTANTE,III,NAO,Serviços pessoais/cultura/esporte/reparação — Anexo III,regra
9529-1/99,9529199,Reparação e manutenção de outros objetos e equipamentos pessoais e domésticos não especificados anteriormente,95,OPTANTE,III,NAO,Serviços pessoais/cultura/esporte/reparação — Anexo III,regra
9601-7/01,9601701,Lavanderias,96,OPTANTE,III,NAO,Serviços pessoais/cultura/esporte/reparação — Anexo III,regra
9601-7/02,9601702,Tinturarias,96,OPTANTE,III,NAO,Serviços pessoais/cultura/esporte/reparação — Anexo III,regra
9601-7/03,9601703,Toalheiros,96,OPTANTE,III,NAO,Serviços pessoais/cultura/esporte/reparação — Anexo III,regra
9602-5/01,9602501,"Cabeleireiros, manicure e pedicure",96,OPTANTE,III,NAO,Curadoria tabela 2026,curadoria
9602-5/02,9602502,Atividades de estética e outros serviços de cuidados com a beleza,96,OPTANTE,III,NAO,Serviços pessoais/cultura/esporte/reparação — Anexo III,regra
9603-3/01,9603301,Gestão e manutenção de cemitérios,96,OPTANTE,III,NAO,Serviços pessoais/cultura/esporte/reparação — Anexo III,regra
9603-3/02,9603302,Serviços de cremação,96,OPTANTE,III,NAO,Serviços pessoais/cultura/esporte/reparação — Anexo III,regra
9603-3/03,9603303,Serviços de sepultamento,96,OPTANTE,III,NAO,Serviços pessoais/cultura/esporte/reparação — Anexo III,regra
9603-3/04,9603304,Serviços de funerárias,96,OPTANTE,III,NAO,Serviços pessoais/cultura/esporte/reparação — Anexo III,regra
9603-3/05,9603305,Serviços de somatoconservação,96,OPTANTE,III,NAO,Serviços pessoais/cultura/esporte/reparação — Anexo III,regra
9603-3/99,9603399,Atividades funerárias e serviços relacionados não especificados anteriormente,96,OPTANTE,III,NAO,Serviços pessoais/cultura/esporte/reparação — Anexo III,regra
9609-2/02,9609202,Agências matrimoniais,96,OPTANTE,III,NAO,Serviços pessoais/cultura/esporte/reparação — Anexo III,regra
9609-2/04,9609204,Exploração de máquinas de serviços pessoais acionadas por moeda,96,OPTANTE,III,NAO,Serviços pessoais/cultura/esporte/reparação — Anexo III,regra
9609-2/05,9609205,Atividades de sauna e banhos,96,OPTANTE,III,NAO,Serviços pessoais/cultura/esporte/reparação — Anexo III,regra
9609-2/06,9609206,Serviços de tatuagem e colocação de piercing,96,OPTANTE,III,NAO,Serviços pessoais/cultura/esporte/reparação — Anexo III,regra
9609-2/07,9609207,Alojamento de animais domésticos,96,OPTANTE,III,NAO,Serviços pessoais/cultura/esporte/reparação — Anexo III,regra
9609-2/08,9609208,Higiene e embelezamento de animais domésticos,96,OPTANTE,III,NAO,Serviços pessoais/cultura/esporte/reparação — Anexo III,regra
9609-2/99,9609299,Outras atividades de serviços pessoais não especificadas anteriormente,96,OPTANTE,III,NAO,Serviços pessoais/cultura/esporte/reparação — Anexo III,regra
9700-5/00,9700500,Serviços domésticos,97,VEDADO,,NAO,Serviços domésticos/organismos internacionais — vedado,regra
9900-8/00,9900800,Organismos internacionais e outras instituicoes extraterritoriais,99,VEDADO,,NAO,Organismos internacionais/extraterritoriais - vedado,regra
1610-2/01,1610201,[DESATIVADA 2.2] ver 1610-2/03,16,DESATIVADA,,NAO,Codigo 2.2 desativado - usar 1610-2/03,alias-2.2
1610-2/02,1610202,[DESATIVADA 2.2] ver 1610-2/04,16,DESATIVADA,,NAO,Codigo 2.2 desativado - usar 1610-2/04,alias-2.2
4541-2/05,4541205,[DESATIVADA 2.2] ver 4541-2/06,45,DESATIVADA,,NAO,Codigo 2.2 desativado - usar 4541-2/06,alias-2.2
4713-0/01,4713001,[DESATIVADA 2.2] ver 4713-0/04,47,DESATIVADA,,NAO,Codigo 2.2 desativado - usar 4713-0/04,alias-2.2
4713-0/03,4713003,[DESATIVADA 2.2] ver 4713-0/05,47,DESATIVADA,,NAO,Codigo 2.2 desativado - usar 4713-0/05,alias-2.2
5611-2/02,5611202,[DESATIVADA 2.2] ver 5611-2/04,56,DESATIVADA,,NAO,Codigo 2.2 desativado - usar 5611-2/04,alias-2.2
